,상호명,label
0,뉴욕핫도그 치킨,0
1,백중기와야순두부,0
2,문삼이,0
3,어부의 밥상,0
4,두울원,0
5,청담동순도리,0
6,기센국밥,0
7,삼치기,0
8,신라식당,0
9,전국방방곱곱,0
10,미삼집,0
11,꽃바른 비빔밥 국수,0
12,진도리 닭도리탕,0
13,대박통,0
14,남자마늘보쌈,0
15,오늘게장,0
16,밤새먹소,0
17,한국수강릉장칼집,0
18,아이러브피자 치킨,0
19,푸드더하기,0
20,부여통닭,0
21,옛날장터치킨,0
22,젠틀닭,0
23,쌀쌀맞은닭,0
24,One Two깻잎두마리치킨,0
25,추억닭발,0
26,씨에프숯불바베큐치킨,0
27,코리안바베큐,0
28,청년치킨,0
29,둘마니치킨,0
30,박군치킨,0
31,컬투치킨,0
32,누구나홀딱반한닭,0
33,빌리언박스,0
34,버거베어,0
35,아이가릿버거,0
36,투핸즈업버거,0
37,비스트로피자,0
38,버거프레클리,0
39,치킨매니아,0
40,부어치킨,0
41,푸라닭,0
42,빛고을닭강정,0
43,닭강정 맛 가격 5반하다,0
44,불아더 숯불바베큐,0
45,청정돼지,0
46,해닭,0
47,제주옥탑,0
48,별을 품은 곱창,0
49,갓갈비,0
50,숨쉬는 순두부,0
51,전준수명품청기와감자탕,0
52,퍼스트생갈비찜,0
53,쪽갈비에미치닭,0
54,국보급냉면,0
55,셰프들의밥상,0
56,김프로부대찌개,0
57,9라파 부대찌개,0
58,사랑담은묵은지찜찌개,0
59,칠구네신림동백순대,0
60,오븐에빠진닭,0
61,또래오래,0
62,공만치킨,0
63,호치킨,0
64,신통치킨,0
65,꿀마니 닭강정,0
66,희치킨,0
67,치킨테리아,0
68,맥켄치킨,0
69,봇닭치킨,0
70,림스치킨,0
71,사바사바치킨앤비어,0
72,두레옛날통닭,0
73,바비큐보스,0
74,하우스홀드,0
75,못말리는파닭,0
76,치킨선생,0
77,보드람치킨,0
78,치순이통닭,0
79,본스치킨,0
80,치킨89,0
81,동근이숯불두마리치킨,0
82,지코바양념치킨,0
83,진미대왕통닭,0
84,코리엔탈깻잎두마리치킨,0
85,해두리치킨,0
86,깐부치킨,0
87,바비후,0
88,명가통닭,0
89,갱스터 떡볶이치킨,0
90,한앤둘치킨,0
91,논현삼계탕,0
92,고기와국수이야기,0
93,늘이맛콩나물국밥국수,0
94,옥토키친,0
95,정온달집,0
96,번지농장돌판아구찜,0
97,곱돌이곱창,0
98,생생쭈꾸미,0
99,배달삼겹 맛있으면돼지,0
100,전라도이야기,0
101,안성깍뚜기,0
102,닭발싸롱,0
103,넙딱집,0
104,조방낙지,0
105,대호국밥,0
106,송주불냉면앤칼국수,0
107,본가어탕,0
108,밥통령,0
109,내가이나라의국수다,0
110,퓨전충무김밥 달리다굼,0
111,비스트로분당김치찜,0
112,우리동네 대통령,0
113,코봉이 해물찜,0
114,강릉장칼,0
115,배씨상회,0
116,곱끌림,0
117,1954무한등심,0
118,더맛있는족발보쌈,0
119,국제통닭,0
120,찐이야숯불두마리치킨,0
121,히동이치킨,0
122,모아모찜닭,0
123,닭가대표,0
124,또또닭강정,0
125,후라이드참잘하는집,0
126,짱닭치킨,0
127,다코기,0
128,수찜닭,0
129,치특,0
130,다가치통닭,0
131,달구똥,0
132,삼덕통닭,0
133,더썬치킨,0
134,바른치킨,0
135,존슨켄터키,0
136,닭깡,0
137,처갓집양념치킨,0
138,삼통치킨,0
139,김성구의성마늘치킨,0
140,더기발한치킨,0
141,사쿠사쿠,0
142,도담치킨,0
143,치킨뱅이,0
144,맛닭꼬,0
145,냠냠숯불두마리치킨,0
146,구도로통닭,0
147,치킨멤버,0
148,닭권브이,0
149,영계소문옛날통닭,0
150,아맛나 연차돈,0
151,복사꽃피는집,0
152,가얏골감자탕,0
153,계릴라도리탕,0
154,삼겹식당,0
155,여장군,0
156,만재네,0
157,팔당냉면,0
158,유가네한우곰탕,0
159,본세이로무시,0
160,우미남,0
161,우렁각시,0
162,불끈낙지,0
163,보백관,0
164,황금 쭈꾸미집,0
165,역전국밥,0
166,수유리혼밥왕,0
167,와촌식당,0
168,치킨176 ,0
169,가마통,0
170,마녀치킨,0
171,베리원치킨앤임실피자,0
172,배통,0
173,치킨파머스,0
174,토닭토닭양념치킨,0
175,가마솥옛날시골통닭,0
176,시골숯불치킨,0
177,찐도리도리닭도리,0
178,징기스칸치킨,0
179,치킨커플,0
180,만년닭강정,0
181,아이벗치킨,0
182,치몬치킨,0
183,노상치킨,0
184,경아두마리치킨,0
185,페리카나,0
186,계복치,0
187,테트리스찜닭,0
188,후라이드 참 잘하는집,0
189,신화불닭발,0
190,남박사의 닭꼬치애꼬치다,0
191,순살의민족,0
192,천수통닭,0
193,치킨과 바람피자,0
194,독가마 숯불치킨,0
195,오늘닭강정,0
196,치킨에꼬치다,0
197,반반이두통찜닭,0
198,꼬레랑,0
199,592 바베큐 치킨,0
200,비에프씨치킨,0
201,계림원누릉지통닭구이,0
202,참숯불에꾸운닭,0
203,충만치킨,0
204,못말리는프렌즈,0
205,진도담찜닭,0
206,꿀딱,0
207,꼬꼬팜,0
208,소담치킨,0
209,BRD백록담,0
210,핫게이트99치킨,0
211,고바우통닭,0
212,이유치킨,0
213,겉바속촉 압력솥통닭,0
214,방방파닭,0
215,김종용누룽지통닭,0
216,올마이티키친,0
217,똥꼬치킨,0
218,옛날그시절 화덕찜닭,0
219,낭만장작,0
220,그집마늘치킨   쪼닭,0
221,프랑킨숯불양념구이치킨,0
222,내가 조선의 치킨이고 맥주다,0
223,오로지닭,0
224,통독상회,0
225,치킨아울렛,0
226,국민마늘치킨,0
227,장작클라스,0
228,혁계치킨,0
229,뭐꼬뭐꼬,0
230,온고지신 통닭 ,0
231,똥집의 달인,0
232,순구치떡,0
233,영도통닭,0
234,찌웅이네숯불두마리치킨,0
235,계꿀치킨,0
236,태권치킨,0
237,836숯불바베큐치킨,0
238,장모님치킨,0
239,60계,0
240,치킨연맹,0
241,난타5000피자,0
242,밥은화,0
243,장패,0
244,어두리,0
245,다시오고싶은집 이명숙 양평해장국,0
246,신 s쭈꾸미,0
247,만석장,0
248,순곱이네,0
249,소플러스,0
250,송돈가,0
251,옥구삼,0
252,댓짱돈까스,0
253,황금명태본가,0
254,거송갈비찜,0
255,정안정,0
256,경이로운아구 알곤이찜,0
257,미아리우동집,0
258,죽생각,0
259,빨간토마토피자,0
260,피맥하우스,0
261,빵위에 치즈 피자앰플러,0
262,피제리아라르도,0
263,나루에프엔비톰스,0
264,피자스톰,0
265,강정구의 피자생각,0
266,피자빅,0
267,피자는 치즈빨,0
268,닭치고피자먹자,0
269,영구스피자,0
270,피자 비토랩,0
271,오구쌀피자,0
272,Port  Albs 피자굼터,0
273,2피자1치킨상회,0
274,피자런,0
275,레트로지,0
276,피자이탈리,0
277,오르새피자,0
278,피자꾼,0
279,핏제리아오,0
280,파파밸리피자,0
281,오리지널시카고,0
282,피자스쿨,0
283,오즈앙,0
284,한명숙피자치킨,0
285,남자피자,0
286,엘리펀트피자,0
287,당신은지금치킨이땡긴다,0
288,그시절옛날통닭,0
289,모두의피자,0
290,서민피자,0
291,빨간모자피자,0
292,도미노피자,0
293,피자애,0
294,피자1991,0
295,피자닷,0
296,피자나라 치킨공주,0
297,도시피자,0
298,꼬꼬번피자 치킨,0
299,파파존스피자,0
300,미스터피자,0
301,오투닭갈비,0
302,오공면샤브칼국수,0
303,소바 애,0
304,준식당,0
305,어명이요,0
306,손군부대찌개,0
307,황소갈비,0
308,맛없으면 환불해주는 장군집,0
309,신대장 떡볶이,0
310,남문떡볶이,0
311,리틀꼬마김밥,0
312,동대문떡볶이 동떡,0
313,촌빨떡볶이,0
314,달토끼의 떡볶이 흡입구역,0
315,청춘꼬마김밥앤떡볶이,0
316,소풍경,0
317,금자옛날떡볶이,0
318,마녀김밥,0
319,배신떡볶이,0
320,채다올김밥,0
321,떡작,0
322,이웃집소녀떡볶이,0
323,박봉자 떡볶이,0
324,아르떼로제떡볶이,0
325,신전떡복이,0
326,문 s 빨간떡볶이 빨간김밥,0
327,신포우리만두,0
328,신불떡볶이,0
329,삼시세끼 꼬마김밥,0
330,사우나 떡볶이,0
331,왕돈까스 왕냉면,0
332,응급실국물떡볶이,0
333,왕비돈까스,0
334,누를황떡볶이,0
335,다다믄,0
336,우리할매 떡볶이,0
337,두레마을우동집,0
338,심퉁즉석떡볶이,0
339,호기심에훔친뒷고기,0
340,홍석정원,0
341,미스터낙곱새,0
342,올레아구,0
343,둥지닭볶음탕,0
344,1984 그수육집칼국수,0
345,백순대본가새맛,0
346,돈짝,0
347,혁지원인 싱싱물회,0
348,해우리,0
349,마더락,0
350,구구족,0
351,피그보쌈집,0
352,일호점미역,0
353,막창일보,0
354,삼삼막창1994,0
355,완미족발,0
356,콩밭뜰,0
357,딜리버리키친,0
358,유림상회,0
359,봉이치킨,0
360,화락바베큐치킨,0
361,알리바바치킨,0
362,심여사천북양념통닭,0
363,영계푸드1988 옛날통닭,0
364,DDC치킨,0
365,허갈닭강정,0
366,청춘 명랑치킨,0
367,갓튀김닭,0
368,잉치킨,0
369,꺼구리치킨,0
370,죠스떡볶이,0
371,바로e생멸치국수,0
372,고창면옥,0
373,축제갈비,0
374,대세박목살,0
375,문래돼지불백,0
376,최정옥 미성복어불고기,0
377,청춘국물닭발,0
378,연암곱창,0
379,123막창,0
380,수유감자탕,0
381,철판떼기,0
382,드림숯불갈비,0
383,한쌈대패,0
384,코찜코찜,0
385,황제무한화로구이,0
386,서울전통육개장,0
387,홍칼라소갈비찜,0
388,유림회관,0
389,연희옥,0
390,부싼밀면,0
391,밀본,0
392,뿔발,0
393,문숙이미나리식당,0
394,콩두,0
395,시래정각,0
396,동방축산,0
397,서민반찬,0
398,성원정양대창,0
399,독골김치찜,0
400,릴라돈가스,0
401,삼청당,0
402,칠칠켄터키,0
403,추닭집,0
404,치킨처럼,0
405,치킨공방,0
406,조시치킨,0
407,호호닭발,0
408,쌀통닭,0
409,국민통닭,0
410,조커닭 ,0
411,닭강정공방,0
412,허대구 대구통닭,0
413,자담치킨,0
414,밤새우는 닭,0
415,종국이두마리치킨,0
416,땅땅치킨,0
417,호식이두마리치킨,0
418,꾼닭,0
419,본가옛날통닭,0
420,나는자연닭이다,0
421,닭장수후라이드 ,0
422,김삿갓통닭,0
423,조선의 옛날통닭,0
424,무봤나촌닭,0
425,서초동마약찜갈비,0
426,이것이국밥이다,0
427,한티재,0
428,해남김치식당,0
429,강레오의차돌집,0
430,봄이보리밥,0
431,청춘껍데기,0
432,동복리 제주갈치조림,0
433,임떡,0
434,을찌로국물떡볶이,0
435,또보겠지 떡볶이집,0
436,아딸,0
437,석바위토스트,0
438,만찬분식탁,0
439,레드신,0
440,정가왕만두,0
441,독수리오형제,0
442,열혈떡볶이,0
443,신세대꼬마김밥,0
444,까망종이밥,0
445,본만두,0
446,마리왕,0
447,오정은A김밥,0
448,떡런 로제떡볶이,0
449,미식가의우동,0
450,인정국물떡볶이,0
451,앵떡볶이,0
452,할매손충무김밥,0
453, 부엉이꼬마김밥,0
454,대림국수,0
455,뚱보아저씨 수제돈가스,0
456,진골김치찜,0
457,백선생푸드,0
458,육감족,0
459,신정골,0
460,택이네,0
461,오일삼낙곱새,0
462,고기는 모름지기 연탄구이,0
463,호랭이 돈까스,0
464,국대배달삼겹 갈비,0
465,능이와백숙,0
466,통큰두마리찜닭,0
467,혼바비언,0
468,씅 s 꼬기가득 비빔밥,0
469,돼지33,0
470,돼지만,0
471,오늘은쭈꾸미,0
472,칸죽,0
473,한결통아구찜,0
474,오늘칡냉면,0
475,김선영 대구왕뽈면옥,0
476,축산명가,0
477,정성을다한갈비찜,0
478,울통치킨,0
479,따로닭,0
480,칠구빵빵 통닭 비어,0
481,더맛닭,0
482,치킨히어로,0
483,알통떡강정,0
484,위드치킨,0
485,미미찜닭,0
486,낭만치맥,0
487,치킨삼파전,0
488,문진옥 숯불바베큐치킨,0
489,오닭꼬치,0
490,노랑통닭,0
491,김종구식맛치킨,0
492,금동이두마리치킨,0
493,오븐에 꾸운 닭,0
494,DK동키치킨,0
495,거북이동네,0
496,곤드레 찜드레,0
497,육회먹은꼬막 반반비빔밥,0
498,국민수육국밥 막국수,0
499,천상대게,0
500,유가솜씨닭갈비,0
501,다솥맛집,0
502,김영화부대찌개,0
503,정성신더큰도시락,0
504,내가찜한닭,0
505,이용민의 유성닭발,0
506,아라쭈꾸미,0
507,통큰곱창,0
508,구조탕찜,0
509,존슨부대찌개,0
510,효모로 만든 찬,0
511,냉면과덮밥사이,0
512,목연식당,0
513,대관령양푼이동태찌개,0
514,따봉시래기,0
515,닭찌,0
516,상도늘보리,0
517,오빠네옛날떡볶이,0
518,더 오맘오맘,0
519,행복유부초밥,0
520,옆집떡볶이,0
521,홍마떡,0
522,빨강떡볶이 메이드 바이 신앤군컴퍼니,0
523,브라더꽈배기,0
524,신선미 미사리우동,0
525,치킨신드롬,0
526,숯양두마리치킨,0
527,상문이두마리숯불양념치킨,0
528,의춘숯불닭갈비,0
529,백년가마솥옛날통닭,0
530,베르네 닭강정,0
531,닭광정,0
532,솥뚜껑바베큐통닭,0
533,치풍당당,0
534,전기구이7호,0
535,오부장치킨,0
536,딸부자꼬마김밥,0
537,킹스꼬마김밥,0
538,구포국수,0
539,1989역전꼬마김밥,0
540,신성당,0
541,선릉역매운떡볶이,0
542,땡큐꼬마김밥,0
543,심퉁즉떡,0
544,욕쟁이할매떡볶이,0
545,신국 떡볶이,0
546,만두차렷,0
547,8군돈까스 떡볶이,0
548,불스떡볶이,0
549,토스트주는떡볶이,0
550,신열떡볶이,0
551,미친곱떡,0
552,135튀김집,0
553,짚탄갈비,0
554,남도복국,0
555,박주억 장수오리,0
556,제이브이엘부대찌개,0
557,돈불식당,0
558,듬박이찌개,0
559,팔각도,0
560,육백더,0
561,미스터오징어,0
562,곤지암 한우 소머리국밥,0
563,전통맛집 할매순대국,0
564,마시온,0
565,조이박꽃도새기,0
566,김치도가,0
567,김태용 명불허전평상집,0
568,하태준의 효자동닭꼬치,0
569,신진성아구찜,0
570,사랑각,0
571,승도리네 곱도리탕,0
572,청춘얼큰이,0
573,제주산방식당,0
574,조순금닭도리탕,0
575,신통큰아구,0
576,마늘은약이다 보쌈 족발,0
577,쪽신치왕 쪽갈비,0
578,88제육,0
579,장모님이떴다,0
580,굿맘할매순대국 양선지해장국,0
581,알마니 칼국수,0
582,샤브마니아,0
583,국제갈비,0
584,안녕  닭,0
585,장원서 닭한마리,0
586,이동진꼬끼오닭개장,0
587,팔도만찬,0
588, 가람갈비,0
589,우된장,0
590,한국계,0
591,5 5닭갈비,0
592,아구좋은날,0
593,콩밭,0
594,육회본가,0
595,팔곡밀면,0
596,바다가 내손아귀,0
597,탕화쿵푸마라탕,0
598,환수림식당,0
599,역대짬뽕,0
600,짬뽕지존,0
601,신마라명가,0
602,이가탕수6,0
603,탕참 탕수육 참 잘하는집,0
604,댓끼리짬뽕,0
605,홍주방,0
606,노사천마라탕,0
607,탕수육주는육군짬뽕,0
608,마시내탕수육짜장,0
609,이비가짬뽕,0
610,마라천향미마라탕,0
612,오리총재,0
613,중경식객,0
614,솔청면옥,0
615,라이스투 미튜,0
616,모던한식당,0
619,중식명장 이송학,0
620,이만구교동짬뽕,0
621,짬뽕타운,0
622,뽕도리신,0
623,신미방마라탕,0
624,간성 ,0
625,상상짬뽕,0
626,마라홀릭,0
628,하오츠마라탕,0
629,마라루,0
630,짬뽕빡쓰,0
631,라사천마라탕,0
632,구구향훠궈,0
633,짬뽕갑,0
634,라쿵푸마라탕,0
636,조선짬뽕,0
637,저스트마라,0
638,용무있습니까,0
639,라공방,0
640,완뽕,0
641,동방불패,0
642,라와,0
643,정쉐프탕수육,0
644,홍리마라탕,0
646,눈물난닭발,0
647,오늘도 한우,0
648,형제닭발 오돌뼈,0
649,설동궁찜닭,0
650,감성쭈꾸미,0
651,혼밥대장,0
652,참숯 삼인조,0
653,봉이밥,0
654,굴담,0
655,대흥구구부대찌개,0
656,죽프렌즈,0
657,조선양평해장국,0
659,삼돌박이,0
660,일호감자탕,0
661,찐곱도리식당,0
662,이박1975,0
663,쭈꾸미본색,0
665,큰손곱도리탕,0
666,서울깍두기,0
667,방가삼대 얼큰한뼈해장국,0
668,팽현숙 최양락의 그 밥에 이 반찬,0
669,니가아는식당,0
670,울엄마 양평해장국,0
671,초밥마켓,0
672,직화삼겹 피그킹,0
673,고기듬뿍 혼밥또시락,0
674,냉철한삼겹,0
675,송화삼계탕 닭갈비,0
676,오색동,0
678,미미관마라탕,0
680,천두호의 미미짬뽕,0
681,마차이짬뽕,0
682,별이빛나는연어육회,0
683,수만돈돈카츠,0
684,겐로쿠우동,0
685,사게네초밥,0
686,카와루라멘,0
687,은행골,0
688,멘타로,0
689,스시한판,0
690,스시마시토,0
691,키토니,0
692,수완초밥생각,0
693,키햐아,0
694,불간짬뽕,0
695,만객가,0
696,신미방 마라탕,0
697,마라집,0
698,천라쿵푸마라탕,0
699,마라킹,0
700,야미마라탕,0
701,사해방탕수육,0
702,마라순코우,0
703,큐큐면관,0
704,라부파마라탕,0
705,8월의 중식,0
706,란콰이펑누들,0
707,소매점양꼬치,0
708,신룽푸마라탕,0
709,호야짬뽕1650,0
710,마라이츠,0
711,열정닭발,0
712,본말감자탕,0
713,아구킹,0
714,내가육회다,0
715,참치닷,0
716,코코로벤또,0
717,미소명가미역,0
718,바른사나이뚝배기,0
719,고기주는 햇쌈불냉면,0
720,낙곱새미장원,0
721,입큰아구알곤이찜,0
722,바베큐덕삼이 화끈한닭발러,0
723,한올면옥,0
724,고기궁전,0
725,땅코참숯구이,0
726,조선밥도둑,0
727,신사부대찌개 품격삼겹살,0
728,고집132,0
729,신이내린족발과보쌈,0
730,8선곱창전골,0
731,줄벼락,0
732,청담설렁탕 순대국,0
733,돈오야,0
734,고기 원칙,0
736,육회먹은연어,0
737,복사랑만두,0
738,마마찜갈비,0
739,김치찌개미화식당,0
740,화목칼국수,0
741,통큰손쭈꾸미마을,0
742,안주일체,0
743,곰작골나주곰탕,0
744,한끼삼계탕,0
745,연경호킹아구해물찜,0
746,한근봉달고깃집,0
747,누룩꽃 피는날,0
748,밥장인돼지찌개,0
749,오리궁뎅이,0
750,김태연국민동태탕 찜,0
751,남노갈비,0
752,꽃게당,0
753,대동집,0
754,불타는꼬꼬발,0
755,달빛에 구운 고등어,0
756,삼훈국민생아구찜,0
757,찌개공방,0
758,삼시네끼,0
759,육회에빠지다,0
760,난바우동,0
761,김이장 짜글이 갈비찜 김치찌개,0
762,아카참치,0
763,하나샤브샤브,0
764,돈카춘,0
765,삼백돈돈가츠,0
766,뭄뭄,0
767,구운초밥집여우상자,0
768,산지해장국,0
769,명태골,0
770,이여곰탕,0
771,배달은 돼지삼형제,0
772,메르밀 진미집,0
773,꼬기냉면,0
774,접시고기,0
775,싸가지고가게,0
776,도회푸드 건강한쌈,0
777,죽을담다,0
778,우리동네 대패집,0
779,동서네낙지,0
780,대천국밥,0
781,홈팝참치,0
782,정희옥스시,0
783,마싰는끼니,0
784,김영훈규카츠,0
785,경양카츠,0
786,배키욘방,0
787,오늘초밥,0
788,바다생협,0
789,신우성돈까스,0
790,히메노라멘,0
791,한입만초밥,0
792,한냐마켓또,0
793,1 s 카츠곳간,0
794,바른초밥,0
795,청렴스시,0
796,스시어왕,0
797,이나타코야끼,0
798,아오리의 행방불명,0
799,누들보쌈배달만족,0
800,미상주먹김밥,0
801,삼초전 삼겹살 ,0
802,봉자막창,0
803,만복한쭈꾸미낙지볶음,0
804,오븐에 빠진 막창,0
805,뚠뚠돼지김치찌개,0
806,등뼈 ,0
807,냅다청양집,0
808,최용석의 뼈큰청진동해장국,0
809,만파식적,0
810,첨단돌솥감자탕,0
811,돼지게티,0
812,황해수육,0
813,명동칼국수샤브샤브,0
814,한뿌리죽,0
815,3일국밥,0
816,문래동냉삼,0
817,마포곱창,0
818,용덕장코다리,0
819,인생대박집쪽갈비,0
820,또와유 명태간장조림,0
821,팔도청국장앤갓솥,0
822,원청담면옥,0
823,아라가야,0
824,펭귄냉면2020,0
825,닭갈비제작소,0
826,울동네꾸이집,0
827,구동원 연탄석쇠구이,0
828,설레족발,0
829,큰바다해물아구찜,0
830,육전국밥,0
831,본가집안동국밥곰탕,0
832,오봉도시락,0
833,앗뜨죽,0
834,소소한아구찜,0
835,강남대패 샤브,0
836,이불덮밥,0
837,바른장인,0
838,제주올레면옥,0
839,마라도 아구찜,0
840,봄설,0
841,낭만쭈꾸미,0
842,푸르맘찬,0
843,맛있는 고기에 솜씨를 더하다,0
844,지환이네왕족발,0
845,경성밥상,0
846,무쇠김치삼겹,0
847,대감댁 왕뼈해장국,0
848,봉이진막창,0
849,김충기꽃삼겹,0
850,심야오뎅,0
851,남바완돈카츠,0
852,만타스시31,0
853,토끼정,0
854,스시카츠,0
855,오레노카츠,0
856,아랑경양회관,0
857,제주쾅쾅돈가스,0
858,고레가참치,0
859,좋은초밥,0
861,스타동,0
862,big eye 우리동네 ,0
863,까르돈스,0
864,히노아지,0
865,스시메이진,0
866,스시스테이션,0
867,돌코롬딱새우,0
868,KOKUMI,0
869,열도분식,0
870,헬로피쉬,0
871,제주와홍돼지,0
872,남기남 부대찌개,0
873,김선하의 닭갈비 궁중누룽지탕,0
874,남다른감자탕,0
875,매취랑,0
876,명동칼국수,0
877,돼지새마을본부,0
878,해운대31cm해물칼국수,0
879,열광집,0
880,최대감찜닭,0
881,넝쿨째오이소박이냉국수,0
882,대가야삼계탕,0
883,전주팔미콩나물국밥,0
884,백곱식당,0
885,진배기 원조할매국밥,0
886,백년손님서서갈비,0
887,월령찜닭,0
888,최정규 팔당 원조 칼제비 보쌈,0
889,안디아모티볼리 ,0
890,돈까스클럽,0
891,홍익돈까스,0
892,빈체로,0
893,파스타제작소 파스타 필라프,0
894,오샐러드,0
895,파스타집이야,0
896,도톰카츠,0
897,초밥대통령,0
898,카츠공방,0
899,스미비부타동,0
900,마마초밥,0
901,면부심 파스타,0
902,낭만장사꾼,0
903,엑시트피자,0
904,신입파스타,0
905,맛찬들왕소금구이,0
906,맨날국수,0
907,두남자찜닭,0
908,땅스부대찌개,0
909,수북국밥,0
910,이우철한방누룽지삼계탕,0
911,집밥연구소,0
912,헬로우낙곱새,0
913,큰돈쪽쪽갈비,0
914,메밀당막국수,0
915,백촌진짜대구막창,0
916,곱더하기,0
917,신인생도리탕,0
918,바로닭발,0
919,바른고기 엘베요타,0
920,돈타작,0
921,진국본가,0
922,착한파스타,0
923,류길상피자,0
924,땡스 치즈 파스타,0
925,아날로그키친,0
926,떡꼬기 스테이크제트,0
927,맨인더키친,0
928,파스타입니다,0
929,파탈리안,0
930,피자플래넷,0
931,멕시칸라이브그릴,0
932,캐나디안랍스터,0
933,그   숲,0
934,진짜파스타,0
935,양목장 1274 2,0
936,정든밤,0
937,샐러드밥,0
938,파스타부오노바,0
939,Today Tong Tong,0
940,그레야마더지,0
941,SLB,0
942,헝그리브라더스,0
943,브럭시,0
944,어나더키친,0
945,빠스타그램,0
946,롱브레드,0
947,파스타크래프트,0
948,뜨돈,0
949,헤비스테이크,0
950,세컨디 포레스트,0
951,수페부엌,0
952,더몰트하우스,0
953,루스트플레이스,0
954,도로시파스타,0
955,선식당,0
956,노량진의 전설 미스사이공,0
957,버거비,0
958,더도이종가집돼지국밥,0
959,소소한쌈,0
960,대한민국 명장이 만든 명장국밥,0
961,족발쌀롱,0
962,삼시세때,0
963,통뼈감자탕,0
964,세꼬시공장,0
965,임창정의모서리족발,0
966,마당쇠껍데기와소금구이,0
967,동두천솥뚜껑삼겹살,0
968,굳세어라 김치찜,0
969,별미지교,0
970,배달삼겹 돼지되지,0
971,대가 곱도리탕,0
972,더조은갈비,0
973,해물솥밥모랑,0
974,호그족발,0
975,호랑이쌀국수,0
976,포 시애틀,0
977,번패티번,0
978,보스턴 샐러드 하우스,0
979,사이공본가,0
980,포레스트 오늘  숲,0
981,아시안상회 논라,0
982,수룹타코,0
983,영칼로리 쌀국수,0
984,다복향 마라탕,0
985,멕시칸요녀석,0
986,타코박스,0
987,잇와플,0
988,어찬바다해물찜,0
989,미스터쭝,0
990,귀락국밥,0
991,청진동해장국,0
992,족발이 땡기는 날,0
993,콩뼈숯뼈 감자탕,0
994,쏘주에삼겹살208 ,0
995,요달의찜닭,0
996,1인삼겹 오빠삼,0
997,크라운닭발,0
998,춘향이가 만든전,0
999,제주생선구이 올래밥상,0
1000,모던불닭,0
1001,대독장,0
1002,장가네 일품순두부,0
1003,손큰국밥,0
1004,길세이로무시,0
1005,오태호 팔공산돌곱창,0
1006,하륜일만족발,0
1007,박지혜모던순대국 소머리국밥,0
1008,두건쓴형제,0
1009,콩뿌리 전주콩나물국밥,0
1010,오성족발,0
1011,신기한면,0
1012,아구찜 휘날리며,0
1013,화산곱,0
1014,국밥쟁이,0
1015,제이엠 수제햄 부대찌개,0
1016,나사리식당,0
1017,삼청동멸치국수,0
1018,88시장버거,0
1019,코브라독스,0
1020,존스버거,0
1021,버거15,0
1022,GTS BURGER,0
1023,지정환피자,0
1024,코코살사버거앤타코,0
1025,델리랩,0
1026,에그바른,0
1027,뉴욕버거,0
1028,벅스리아,0
1029,791버거트럭,0
1030,마녀돈앤파스타,0
1031,켈리토스트카페,0
1032,바게뜨양,0
1033,루이스버거,0
1034,퀴즈노스서브,0
1035,버거스올마이티,0
1036,왓더버거,0
1037,버거요,0
1038,바겟버거,0
1039,뉴욕보틀,0
1040,텐퍼센트스페셜티커피,0
1041,배달의카페,0
1042,카페야,0
1043,라오나카페,0
1044,아이캔커피,0
1045,날쌘카페,0
1046,카페투이,0
1047,꿀꿀이 생막창,0
1048,백년불고기,0
1049,담소 소사골 순대 육개장,0
1050,셰프의돈까스,0
1051,투고샐러드,0
1052,CAFE CANBUS,0
1053,테이큰커피,0
1054,우지커피,0
1055,핑거커피,0
1056,데일리에스프레소,0
1057,김준호의대단한커피,0
1058,OPPA COFFEE,0
1059,일커피,0
1060,나리꼬모,0
1061,벤티프레소,0
1062,티블랙,0
1063,플루800,0
1064,트러스트 스페셜티 커피,0
1065,하삼동커피,0
1066,부바스,0
1067,메가보틀,0
1068,토리스타특별한커피,0
1070,브라운돈까스,0
1071,월남쌈김상사,0
1072,삼삼구,0
1073,요거트월드,0
1074,샌드프레소,0
1075,행복한우동가게,0
1076,제육대가,0
1077,퍼스트플로어,0
1078,샐러드로우앤트라타,0
1079,부쳐스밀,0
1080,헌터스,0
1081,에이스크랩,0
1082,어묵나라,0
1083,쭈꾸미킹,0
1084,더돈까스,0
1085,팜킷,0
1086,칠프로칠백식당,0
1087,인근주민,0
1088,떼루와,0
1089,코샐,0
1090,강경불고기,0
1091,79네수육국밥,0
1092,카페온유,0
1093,천미리,0
1094,파란만잔,0
1095,카페희다,0
1096,쿠오레,0
1097,태그1 5커피,0
1098,온리비커피,0
1099,핸즈커피 ,0
1100,METCHA,0
1101,캔카페,0
1102,몬스터커피,0
1103,컴포즈커피,0
1104,유동커피,0
1105,커피명가,0
1106,카페다빈치,0
1107,또잇카페,0
1108,듀코비라운지,0
1109,주니아,0
1110,오니와플,0
1111,백금당,0
1112,더벤티,0
1113,심청아배고파,0
1114,기가막힌 곱창 막창,0
1115,겐돈소바,0
1116,킹프레소,0
1117,어벤더치커피,0
1118,디마노커피,0
1119,핵커피,0
1120,슈퍼사이즈커피,0
1121,욤카페,0
1122,딱이지,0
1123,오대륙통닭,0
1124,김수미의엄마손맛,0
1125,담락참치일잔,0
1126,싸움의고수,0
1127,태양부양꼬치,0
1128,행포케,0
1129,유온달포장,0
1130,더쿠네오리바베큐,0
1131,샤브렐라,0
1132,소코아,0
1133,트리굿커피,0
1134,아롱포차,0
1135,94925닭꼬치,0
1136,토스트굽는사람들,0
1137,제주몬트락,0
1138,사천노마훠궈,0
1139,더하고부대찌개,0
1140,메밀나라,0
1141,엉클부대찌개,0
1142,보울박스,0
1143,백돈,0
1144,곽만근 족발 슈바인학센,0
1145,예가수제순대,0
1146,라온수제돈가스,0
1147,청년닭갈비,0
1148,이쿠라멘,0
1149,카페두지익스프레스,0
1150,솔솔커피,0
1151,무인다방,0
1152,아마스빈,0
1153,카페브라우니30,0
1154,TOP LITER,0
1155,1LiTER COFFEE,0
1156,빌리브라운,0
1157,블랙와인커피,0
1158,달꽃다방,0
1159,아몽즈커피,0
1160,워너커피,0
1161,킹사이즈커피,0
1162,전광수커피,0
1163,고바슨,0
1164,카페진리,0
1165,케이엠엘리갤러리카페,0
1166,우주라이크,0
1167,로반스윗,0
1168,킹스빈,0
1169,ALI KENYA STAR커피,0
1170,어보브,0
1171,쿼드커피,0
1172,헝그리박스,0
1173,즐거운심야식당,0
1174,도시락포유,0
1175,정직화닭발,0
1176,갈매기먹짱,0
1177,복닥찜닭,0
1178,대구우야지막창,0
1179,보울레시피,0
1180,일팔양대창,0
1181,통돼지두루치기한돈돈돈,0
1182,모히또바인오션,0
1183,아기식당,0
1184,툴스돈카츠,0
1185,최동민양푼갈비,0
1186,월천삼계탕,0
1187,양연화로,0
1188,88호랭이,0
1189,깨순이김밥,0
1190,타코파파,0
1191,오이시라멘,0
1192,싱싱활어천국,0
1193,하나돈까스,0
1194,스시노칸도,0
1195,삼동소바,0
1196,몬스터스시 사시미,0
1197,나베야,0
1198,수다떠는 오징어,0
1200,초미남,0
1201,에그토스트,0
1202,콩샌,0
1203,펄스맥 커피,0
1204,마음온밥,0
1205,초대창,0
1206,닭이봉춘천닭갈비,0
1207,루타6 400km,0
1208,삼미대포,0
1209,오매족,0
1210,나드리김밥,0
1211,플랩잭 팬트리,0
1212,돌빙커피,0
1213,스시선 회전초밥 ,0
1214,코레와카레,0
1215,소미돈까스,0
1216,멘야유메미루,0
1217,호니도니,0
1218,Zip에서 참치,0
1219,카츠모리,0
1220,유부야,0
1221,하즈벤,0
1222,멘야마쯔리,0
1223,수수하지만굉장해,0
1224,이자카야 춘,0
1225,스시벅스,0
1226,참치마찌,0
1227,일월육일,0
1228,여부초밥,0
1229,미친돈까스,0
1230,경성코페,0
1231,천씨씨커피,0
1232,벌크커피,0
1233,카페16온스,0
1234,미남커피,0
1235,더웨이닝커피,0
1236,나우커피,0
1237,더리터,0
1238,카페우드진,0
1239,원유로스페셜티커피,0
1240,카페레게노,0
1241,반할커피,0
1242,댄싱컵,0
1243,카페코지,0
1244,미콩커피,0
1245,더카페드림,0
1246,오늘은피자,0
1248,하늘보리피자,0
1249,피자와썹,0
1250,피자픽,0
1251,자가제빵 선명희피자,0
1252,청담피자,0
1253,네오피자,0
1254,수피자,0
1255,PIZZA BOX,0
1256,킹스타피자,0
1257,레꼬마 피자 타코,0
1258,1989 s pizza,0
1259,임실치즈피자,0
1260,피자써클,0
1261,피자야,0
1262,윤검푸드 봉수아피자,0
1263,낙원스낵,0
1264,김씨방앗간,0
1265,반올림피자샵,0
1266,피스타키친,0
1267,원바이트피자클럽,0
1268,유로코피자,0
1269,100년의피자카페인시애틀,0
1270,탭플레이,0
1271,커피볶는시골커피,0
1272,THE더맛있는과일 1L커피,0
1273,장산다방,0
1274,아이홀릭커피 ,0
1276,칠리노,0
1277,쿠카쿠,0
1278,데일리오아시스,0
1279,디저트 39,0
1280,바소카페,0
1281,배터리커피,0
1282,동네커피,0
1283,브이카페,0
1284,피자 피크,0
1285,피자플렉스,0
1286,피자명인,0
1287,해골피자,0
1288,아메리칸피자,0
1289,투엑스피자,0
1290,후니피자,0
1291,피자덕,0
1292,피자빙고,0
1293,Crew Pizza,0
1294,메이크어딜리버리,0
1295,더오니기리플러스,0
1296,족발팩토리,0
1297,쭉심,0
1298,치폴레옹,0
1300,현가네33족발,0
1301,등심연구소,0
1302,달구지막창,0
1303,101번지 남산돈까스,0
1304,장혁민의 부대찌개,0
1305,안지랑곱창막창,0
1306,쿡의 시대,0
1307,곽두리쪽갈비,0
1308,돈카츠 화꾸어,0
1309,씨네마얼음맥주,0
1310,김민성I m넙띠기돈까스,0
1311,전원숯불,0
1312,족발정,0
1313,대게 이상무,0
1314,바르미샤브샤브n칼국수,0
1315,광명대창집,0
1316,세수대야,0
1317,빙츄르,0
1318,미트사이더,0
1319,명태가도,0
1320,모자온달,0
1321,육회야문연어,0
1322,하늘돼지,0
1323,로니로티,0
1324,복어잡는사람들,0
1325,이동근선산곱창 막창,0
1326,얌샘김밥,0
1327,바로심김밥,0
1328,생강김밥,0
1329,한입김밥,0
1330,오늘도꽈배기,0
1331,용우동,0
1332,모범떡볶이1976,0
1333,버무리떡볶이,0
1334,삼대떡볶이,0
1335,효형제돈까스,0
1336,정스닭꼬치,0
1337,눈꽃치즈떡볶이,0
1338,삐사감김밥,0
1339,올빼미남산왕돈까스,0
1341,국밥여행,0
1342,팔당육칼동동국수,0
1343,그남자의 돼지갈비,0
1344,사계진미 숯불닭갈비,0
1345,어신코뎅이,0
1346,똥집이야기,0
1347,연남물갈비,0
1348,우심,0
1349,청해신푸른바다찜탕,0
1350,마약떡볶이 동탄마떡,0
1351,고소미부엌,0
1352,괴물떡볶이,0
1353,커피스토아,0
1354,루트비커피,0
1355,Pause 10 ,0
1356,디알해쉬커피,0
1357,커피사피엔스,0
1358,맥켄지커피,0
1359,스위트제로,0
1360,포트캔커피 PORT CAN COFFEE,0
1361,장미카페,0
1362,카페달링,0
1363,쿼피집,0
1364,마실커피,0
1365,엠버스커피,0
1366,두낫디스터브,0
1367,피스피스,0
1368,카페라이더,0
1369,만랩커피,0
1370,후식,0
1371,브루원츠,0
1372,달리는커피,0
1373,145씨오,0
1374,헤일리스커피,0
1375,봄봄테이크아웃,0
1376,소보롱,0
1377,카페동네,0
1378,카페보스,0
1379,와커피 ,0
1380,영다방,0
1381,김밥천국,0
1382,해리스로제떡볶이,0
1383,브로피자,0
1384,갱스터피자,0
1385,피자풀,0
1386,피자먹다,0
1387,피자베이,0
1388,올스타피자,0
1389,피자1989,0
1390,피자선생,0
1392,킴브로스 피자 파스타,0
1393,용피자 1인피자,0
1394,맥주를구한피자,0
1395,아끌로네,0
1396,피자네버슬립스,0
1397,수타피자,0
1398,피자덕후,0
1399,블랙캡피자,0
1400,치즈웨이브,0
1401,7번가피자,0
1402,서오릉피자,0
1403,헬로피자,0
1405,피자인류,0
1406,피자메카,0
1407,피자의 생명은 치즈다,0
1408,브레댄코,0
1409,고피자,0
1410,왕손피자,0
1411,피자라네,0
1412,프레드피자,0
1413,피자캡틴즈,0
1414,피자1번가,0
1415,피자브라더스,0
1416,호랑이초밥,0
1417,숙성회136,0
1418,아낙촌,0
1419,베어밀크,0
1420,매스커피,0
1421,프레씨엘,0
1422,킨지,0
1423,맛있는 오칠구,0
1424,남도술상,0
1425,화덕고깃간,0
1426,요리온,0
1427,꼬마문방구,0
1428,고기고샵,0
1429,프레퍼스다이어트푸드,0
1430,옹헤야,0
1431,쉬즈베이글 커피,0
1432,꽃찬등뼈찜,0
1434,정담은보쌈,0
1435,유달리,0
1436,이름없는 파스타,0
1437,제발시켜주세요,0
1438,불소식당,0
1439,에그마카슈,0
1440,우림관화로구이,0
1441,할매안흥찐빵동네커피1500,0
1442,싸이코참치,0
1443,즐거운돈까스,0
1444,BnB치킨 떡볶이,0
1445,미미쿡,0
1446,막창도둑,0
1447,탑브릭스 ,0
1448,금커피별빙수,0
1449,바다양푼이동태탕찜,0
1450,에바돈가츠,0
1451,만복국수집,0
1452,비어팩토리,0
1453,홍콩다방,0
1454,놀러와플,0
1455,오춘자비어,0
1456,홍스포차,0
1457,임창정의 소주한잔,0
1458,순돌이네연탄집,0
1459,오늘 맥주한잔,0
1460,청춘싸롱,0
1461,프라이빗,0
1462,금별맥주,0
1463,간이역,0
1464,술바다,0
1465,샵도쿄시장,0
1466,생활포차주민,0
1467,다가양조장,0
1468,모찌모찌브레드,0
1469,Waffleek,0
1470,정도너츠,0
1471,나나케이크,0
1472,조선제일빵,0
1473,홍루이젠,0
1474,폴콘,0
1475,샐러데이즈,0
1476,어쭈구리꼼장어,0
1477,마담순살떡볶이,0
1478,진가원 전주콩나물국밥 묵사발,0
1479,설빙,0
1480,더팜홈쿡,0
1481,흥주선비국밥,0
1482,죽도령,0
1483,목촌국민삼겹,0
1484,고봉민김밥 ,0
1485,신송자 신마산 식당,0
1486,반반식당,0
1487,오늘도찜닭 삼겹 파스타,0
1488,바보돼지두마리,0
1489,갈비꽃,0
1490,옥희,0
1491,임창정파절이세겹살,0
1492,뿔난황소곱창,0
1493,요거트아이스크림의정석,0
1494,서울빙수,0
1495,배스킨라빈스,0
1496,닭치고 낙곱새,0
1497,팔도돼지곱창,0
1498,돈까스회관,0
1499,문가네정육식당,0
1500,상남자의 고소한 막창 곱창,0
1501,손 토스트,0
1502,조스테이크,0
1503,꼬치공방,0
1504,그집돼지,0
1505,소바루,0
1506,꼬꼬씨참숯불닭갈비,0
1507,덮라대왕,0
1508,황소알곱창,0
1509,엑스오엑스오 푸드카페,0
1510,위찜,0
1511,아메리칸트레이,0
1512,삼겹시대1900,0
1513,함안조고집,0
1514,스무치,0
1515,광어공방,0
1516,밥스테이크,0
1517,더요리에반하다,0
1518,밥스토랑,0
1519,가마솥김밥,0
1520,화대성땡초불닭,0
1522,마장동김씨,0
1523,청춘사업,0
1524,용구비어,0
1525,남빙고생맥주,0
1526,군선생,0
1527,1974 종로호랑이 맥주,0
1528,엔틱정,0
1529,맥주공장,0
1530,역전총각맥주,0
1531,생활맥주,0
1532,역전할머니맥주1982,0
1533,까투리,0
1534,한라맥주,0
1535,룸의정석,0
1536,대한식당,0
1537,로얄자카르타,0
1538,식감이야기,0
1539,낭만짚불구이,0
1540,코리아타운,0
1541,안춘배씨,0
1542,누룩,0
1543,공룡슈퍼,0
1544,사랑관,0
1545,팔팔포장마차,0
1546,거누광장,0
1547,탄광맥주,0
1548,별빛에취한제주바다,0
1549,오호리준,0
1550,롱타임노씨,0
1551,쉼  어묵 그리고 한잔 술,0
1552,슈퍼커피,0
1553,빈스빈스,0
1554,커피베이,0
1555,손커피연구소,0
1556,커피101스트릿,0
1557,그림카페,0
1558,커피매거진,0
1559,데니스,0
1560,라붐커피,0
1561,이디야커피,0
1562,띵크커피,0
1563,요거프레소,0
1564,물레,0
1565,엔제리너스,0
1566,올리버브라운 카페,0
1567,소디스커피,0
1568,소복,0
1569,시베리안 빙수킹 카페,0
1570,쿠크봉,0
1571,젤라또로플,0
1572,크렘드마롱,0
1573,카페코나퀸즈,0
1574,토프레소,0
1575,매머드커피,0
1576,평화다방,0
1577,카페글렌,0
1578,드립앤더치,0
1579,패스트카페,0
1580,에이그레이트카페,0
1581,갈비찜클라쓰,0
1582,보일링몬스터,0
1583,서병장대김이병,0
1584,빛가람국밥,0
1585,가득피자,0
1586,눈꽃대패,0
1587,신묘한닭도리탕 곱도리탕,0
1588,올리브명품찹쌀꽈배기,0
1589,마린보이 코다리1번가,0
1590,이을감자탕,0
1591,팔덕식당,0
1592,쿠킹타임,0
1593,효자동설렁탕,0
1594,일미리금계찜닭,0
1595,두거리우신탕,0
1596,진고래아구찜해물찜,0
1597,바베큐통족구이,0
1598,메밀골동해막국수,0
1599,채육식당,0
1600,화사랑화로구이,0
1601,부라보쪽갈비,0
1602,1인자감자탕,0
1603,OCIC네호호감자탕,0
1604,홍담동홍게우동집,0
1605,린생사진관,0
1606,키라키라윤,0
1607,샘물맥주,0
1608,첫번째필족사랑,0
1609,미사리밀빛초계국수,0
1610,홍구등갈비,0
1611,방일해장국,0
1612,육회이야기,0
1613,훈민정음 ,0
1614,쓰리몽키즈,0
1615,뉴코뮤직타운,0
1616,훠궈야,0
1617,장터순대국감자탕,0
1618,조가네갑오징어,0
1619,돈탐라제주,0
1620,노랑강정,0
1621,몽슈슈,0
1622,우리집다음에맛있는집양평해장국,0
1623,가배두림,0
1624,홍수계찜닭,0
1625,고양이부엌,0
1626,치킨을사랑한떡볶이,0
1627,김윤미전복삼계탕,0
1628,큰맘할매순대국,0
1629,볶찜,0
1630,사위식당,0
1631,만반진수 팔도국밥,0
1632,덕천족발,0
1634,밥엔청국장,0
1635,하솜면가 육전메밀,0
1636,돈가네김치찌개,0
1637,153구포국수,0
1638,바우네나주곰탕,0
1639,누리마을감자탕,0
1640,육마니 옛날전통육개장,0
1641,육칠이,0
1642,킹치찌개찜,0
1643,홍익궁중전통육개장,0
1644,한방전주콩나물국밥,0
1645,꺼먹지명태조림,0
1646,육쌈냉면,0
1647,곽만근갈비탕,0
1648,놀놀숯닭갈비,0
1649,해방곱창,0
1650,불난막창,0
1651,춘천중앙로숯불닭갈비,0
1652,브라더뒷고기,0
1653,백번가코다리,0
1654,원조강영숙봉평메밀촌,0
1655,수내닭꼬치,0
1656,필라프에빠지다,0
1657,너티차일드,0
1658,정정아식당,0
1659,봉구스밥버거,0
1660,노마세야매운갈비찜,0
1661,원조전통명가 통큰할매순대국,0
1662,꿀꿀이대패파삼,0
1663,안흥갈비,0
1664,조s해물포차,0
1665,초가네장어구이,0
1666,깐깐한족발,0
1667,장금수부대찌개,0
1668,원조설악추어탕,0
1669,연어이야기,0
1670,신복관,0
1671,열정담은 국물집,0
1672,낭만낙곱새,0
1673,킹부대찌개테이크아웃,0
1674,제주고깃집,0
1675,서명성고깃집,0
1676,청춘아구찜알곤이찜,0
1677,주인이직접고운진짜갈비탕,0
1678, 더참맛수육국밥앤보쌈,0
1679,싸가정곱창 담윤순대국,0
1680,38선넘은짱닭,0
1681,쌍다리돼지불백,0
1682,마미킷,0
1683,경원해물찜0427,0
1684,도리도리닭도리탕,0
1685,코다차야,0
1687,와플대학,0
1689, 예감,0
1690,짬뽕상회,0
1691,호사양곱창,0
1692,인아워타임,0
1693,홈즈앤쿡,0
1694,정든닭발,0
1695,공룡닭발,0
1696,카츠야미,0
1697,백년회관서서갈비,0
1698,마약먹태,0
1699,정직한푸줏간육화몽,0
1700,스시네코,0
1701,와로샐러드,0
1702,왕서방왕치킨피자,0
1703,진곱다 곱창다방,0
1704,호토모토,0
1705,애플블러썸,0
1706,풍국면,0
1707,쉐프밥상,0
1708,칭다오양꼬치,0
1709,아이엠쿡,0
1710,냉면의 신,0
1711,바다총각게장,0
1712,참한국밥,0
1713,소보양본가,0
1714,도리연닭도리탕,0
1715,홍성래특허김밥,0
1716,양호실떡볶이,0
1717,로라방앗간,0
1718,웁스떡볶이,0
1719,면앤면추억의가락국수,0
1721,월매뜨레멸치국수 초김밥,0
1722,눈물떡볶이,0
1723,허세김밥,0
1724,우림칼국수,0
1725,떡볶이창고,0
1726,브이떡볶이126,0
1727,열정분식소,0
1728,뿌기떡볶이,0
1729,이여사나무김밥,0
1730,우럼마왕만두,0
1731,해피꼬마김밥,0
1732,밥앤스낵,0
1733,아수라떡볶이,0
1734,애플김밥,0
1735,왕순이 주먹밥 김밥,0
1736,엄청난떡볶이,0
1737,원래는 치킨집을 할려고 했었다,0
1738,씨앤푸드스토리 청년떡볶이,0
1739,최고당 돈가스,0
1741,썬더치킨,0
1742,고마담치킨,0
1743,커피마마퀸,0
1744,종로계림닭도리탕원조,0
1745,명동할머니국수,0
1746,오별난멸치국수,0
1747,일품해운대봉가떡볶이,0
1748,무공돈까스,0
1749,삼형제김밥,0
1750,알촌,0
1751,슈퍼떡볶킹,0
1752,고수라,0
1753,기용,0
1754,깨봉이국물떡볶이,0
1755,오늘애김밥,0
1756,반장떡볶이,0
1757,마포만두,0
1758,선비꼬마김밥,0
1759,기봉이김밥,0
1760,파더스김밥,0
1761,달떡볶이,0
1762,와이낫떡볶이,0
1763,맛있는 친구 미친 떡볶이,0
1764,상아김밥,0
1765,김밥일번지,0
1766,호랑이 떡볶이,0
1767,명가온김밥,0
1768,개념떡볶이,0
1769,전주진국밥,0
1770,소중한한끼담은사골순대국,0
1771,공릉동원조멸치국수,0
1772,육회말투아웃,0
1773,불닭발땡초동대문엽기떡볶이,0
1774,다수니와플,0
1775,커피스미스,0
1776,죽이야기붕푸드마켓,0
1777,마리짱,0
1778,꼬꼬STORY,0
1779,십원집,0
1780,비와별 닭갈비,0
1781,돈카냉면 파스타,0
1782,마치래빗,0
1783,달구나 맥주,0
1784,황금소,0
1785,참토스트,0
1786,현죽,0
1787,아도겐,0
1788,노키친,0
1789,1703 참한집,0
1790,돼지코생곱창갈비,0
1791,류아저씨의화동생갈비,0
1792,착한국밥,0
1793,한근김치찜,0
1794,태선족발,0
1795,뚝딱짜글이,0
1796,리얼파스타,0
1797,인생아구찜,0
1798,홍 이집,0
1799,석관동떡볶이,0
1800,장터옛날통닭,0
1801,돈치킨,0
1802,오태식해바라기치킨,0
1803,치킨 류,0
1804,치맥킹,0
1805,서울 스파이시,0
1806,두리아,0
1807,인생치킨,0
1808,장군닭발,0
1809,후라이드바삭킹,0
1810,케리홈치킨,0
1811,리굼숯불치킨,0
1812,지랄닭발,0
1813,배떡,0
1814,정성한줄,0
1815,신만용신가네매운떡볶이,0
1816,갓만든떡볶이,0
1817,리김밥,0
1818,마피아떡볶이,0
1819,오진당떡볶이,0
1820,신존떡볶이,0
1821,떡군이네떡볶이,0
1822,보영만두,0
1823,어묵대장 떡볶이,0
1824,나는 조선의 떡볶이다,0
1825,오로지라멘,0
1826,이삭토스트,0
1827,삼진어묵당,0
1828,아싸라비야 매운떡볶이,0
1829,남매컵밥,0
1830,수철이네왕새우튀김,0
1831,아담 s 꼬마김밥,0
1832,진미면막국수,0
1833,마음한줄,0
1834,김용덕의 소문난 부자국밥,0
1835,돼지가 김치찜했어,0
1836,엄지척닭도리,0
1837,원가회관,0
1838,미식가의구이,0
1839,마중물추어탕,0
1840,갈비에 빠지다,0
1841,고여금 감자탕,0
1842,시골촌닭구이,0
1843,김순례 닭강정,0
1844,갓튀긴후라이드,0
1845,몽두마리치킨,0
1846,치르메스치킨,0
1847,꼭그닭치킨,0
1848,조선CH S치킨,0
1849,수셰프치킨,0
1850,교촌치킨,0
1851,치킨의민족,0
1852,동수네통닭,0
1853,계동치킨,0
1854,미쳐버린파닭,0
1855,달 달치킨,0
1856,숯불민족,0
1857,설원칡냉면 푸짐보쌈,0
1858,어죽대부,0
1859,샤브정,0
1860,감성키친,0
1861,과일팡,0
1862,보태닉마켓,0
1863,홍익스테이크,0
1864,jay coffee,0
1865,우텐더,0
1866,모노치즈,0
1867,장수본가해장국,0
1868,요술밥상,0
1869,정성간장 매운갈비찜도시락,0
1870,신단설렁탕,0
1871,고기듬뿍 대왕비빔밥,0
1872,천하대창군,0
1873,청년컵밥,0
1874,뚝배기양평해장국,0
1875,꿀돼지집 꿀백,0
1876,강금옥쭈꾸미,0
1877,진원 소우,0
1878,덮밥만드는남자,0
1879,현풍닭칼국수,0
1880,진명인면옥,0
1881,한다솥,0
1882,길가옆에누룽지삼계탕,0
1883,화성옥,0
1884,오풍미족발,0
1885,레이지앤코,0
1886,컬러인커피,0
1887,아프리카커피초콜릿,0
1888,라센다 커피,0
1889,조커커피,0
1890,베러댄와플,0
1891,투썸플레이스,0
1892,카페일루이스,0
1893,해머스미스커피,0
1894,피카커피,0
1895,미진축산,0
1896,한방서원갈비,0
1897,두껍삼,0
1898,셰프의국수앤육개장,0
1899,남포동 직화 쭈꾸미,0
1900,잭아저씨족발 보쌈,0
1901,행복가마솥밥 알솥밥,0
1902,카페 황금칼빵,0
1903,카페라리,0
1904,카페미뇽,0
1905,마라대국,0
1906,훠룽쿵부,0
1907,손오공마라탕,0
1908,마라공방,0
1909,몸애존짜장,0
1910,맛지비불꼬막짬뽕,0
1911,짬뽕10101,0
1912,바른푸드,0
1913,알면 통하는 떡볶이,0
1914,애플꼬마김밥,0
1915,와닭꼬치,0
1916,떡볶이몽테이너,0
1917,만스김밥,0
1918,걸작떡볶이치킨,0
1919,로케트분식,0
1920,닥치고 푸드,0
1921,마미떡,0
1922,마빡떡볶이,0
1923,교동짬뽕,0
1924,라홍방 마라탕,0
1925,청화당,0
1926,천짬뽕87,0
1927,마라내음,0
1928,홍짜장,0
1929,진대감,0
1930,구삼짜글이,0
1931,태기산더덕순대,0
1932,모두뼈다귀감자탕,0
1933,광안천지식당,0
1934,황금곱창,0
1935,쭈앤쭈,0
1936,뼈대있는국밥,0
1937,별빛가든 김치찌개 김치찜,0
1938,30년 불멸의닭발,0
1939,심동보의언양불고기와육회,0
1940,육소단,0
1941,돼지청문회,0
1942,생생아구찜,0
1943,가마깨비,0
1944,마왕족발,0
1945,택이네 조개전골,0
1946,핸드메이드,0
1947,커피스토어,0
1948,cafe65 ,0
1949,이륜당,0
1950,슈퍼브카페,0
1951,카페천국,0
1952,커피빅,0
1953,한빵울,0
1954,왓커피,0
1955,피에스타7커피,0
1956,카페도헤이왕의커피,0
1957,커피펍스,0
1958,베스트빈,0
1959,코페아커피,0
1960,데일리커피,0
1961,카페마엔코,0
1962,1L 맥스커피,0
1963,카페안시 스튜디오안시,0
1964,카페 70 C,0
1965,카페리빈,0
1966,고품격 커피공장,0
1967,시티카페,0
1968,주커피,0
1969,카페바움,0
1970,탐앤탐스커피,0
1971,프롬하츠,0
1972,펠어커피,0
1973,카페홀릭,0
1974,카페051,0
1975,보니또커피,0
1976,지브릭커피,0
1977,카페데베르,0
1978,하이오커피,0
1979,디초콜릿커피앤드,0
1980,크레이저커피,0
1981,카페베네,0
1982,COFFEENIE,0
1983,헤이트먼데이,0
1984,카페아이엠티,0
1985,드림커피,0
1986,아덴블랑제리,0
1987,별난커피,0
1988,반달커피,0
1989,커스텀커피,0
1990,카페제곱,0
1991,커피인류,0
1992,몰타,0
1993,크로플다일,0
1994,어오케이커피,0
1995,PLAN ,0
1996,카페CCD,0
1997,커피기업,0
1998,기기커피,0
1999,터치카페,0
2000,Every Coffee,0
2001,맥시멈커피,0
2002,아이씨카페,0
2003,커피볶는집,0
2004,엑스엑스 커피메이커,0
2005,브런치빈,0
2006,카페홍,0
2007,킁킁커피,0
2008,베이리프커피,0
2009,페어런츠,0
2010,봉명동내커피,0
2011,스므으커피,0
2012,카페루앤비,0
2013,나를 위한 하루 날 위한 커피,0
2014,정성으로 빚은 만두고을,0
2015,마포닭발,0
2016,경기미당,0
2018,한식대장,0
2020,데블스램 펍,0
2021,킹스덮밥,0
2022,청년고기장수,0
2023,여우곰탕,0
2024,게매니아,0
2025,배명 천수냉면,0
2026,울타리없는만두집,0
2027,제육이와 짜글이,0
2028,삼굽살,0
2029,신의혼밥,0
2030,소제이,0
2031,베스트생갈비찜 찜닭,0
2032,단골손님,0
2033,유성갈비,0
2034,청년대게,0
2035,북성회관,0
2036,광선집,0
2037,영산강오리탕,0
2038,제주안방갈비,0
2039,평화김해뒷고기,0
2040,돼지영농후계자,0
2042,트루먼커피,0
2043,크로플로,0
2044,커피더캠프,0
2045,더드림커피,0
2046,봉남동커피,0
2047,행님디저트카페,0
2048,커피브라더,0
2049,하이즈커피,0
2050,이삐커피,0
2051,오늘도  카페일리터,0
2052,커피박스,0
2053,커피나뜨래,0
2054,현방오백생삼겹살,0
2055,권사부 순대국,0
2056,김덕후의 곱창조,0
2057,냠냠족발앤보쌈,0
2058,진이찬방,0
2059,전초전,0
2060,제주도야지판,0
2061,토고리 옛날막창,0
2062,방태막국수,0
2063,한끼한죽,0
2064,시골통돼지볶음,0
2065,본도시락,0
2066,쭈꾸쭈꾸아,0
2067,송담추어탕,0
2068,두리맛감자탕,0
2069,신성아구찜,0
2070,의리감자탕,0
2071,생활생돈,0
2072,보드레족,0
2073,빤닭빤닭,0
2074,유가네,0
2075,용공장,0
2076,육회천지,0
2077,서양 낙곱새,0
2078,개정,0
2079,봉추찜닭,0
2080,KOOPJA,0
2081,오지버거,0
2082,석봉토스트,0
2083,자마버거,0
2084,제이룸은 버거입니다,0
2085,죠샌드위치앤커피,0
2086,버거킹,0
2087,도니버거,0
2088,호봉토스트,0
2089,목동버거,0
2090,키친박스,0
2091,먼치오케이샐러드클럽,0
2092,프레시런,0
2094,패스트롤,0
2095,스몰하노이,0
2096,엉클인더키친,0
2097,벱하노이,0
2098,퍼틴,0
2099,홍대쌀국수,0
2100,마녀쌀국수,0
2101,오브밀,0
2102,포식,0
2103,버거스캔들,0
2104,모스버거,0
2105,버거타운,0
2106,프랭크버거,0
2107,버거운버거,0
2108,세종이도,0
2109,막쇠,0
2110,고향옥얼큰순대국,0
2111,JBD 본 종로빈대떡,0
2112,담솥,0
2113,국제수입식당,0
2114,든든국밥,0
2115,팔공냉면,0
2116,그놈포차,0
2117,수니열닭발,0
2118,라온가정식감자탕,0
2119,알찬하루,0
2120,한뚝수육국밥,0
2121,장도뚝배기,0
2122,옥사장집밥,0
2123,고기명작,0
2124,따띠삼겹,0
2125,조춘식동태탕찜,0
2126,정성순대,0
2127,김춘화인 해물찜달인,0
2128,안녕숯불,0
2129,야끼니꾸 소량,0
2130,유브유부,0
2131,나씨네 뒷고기,0
2132,어가반상,0
2133,청양일초,0
2134,대한냉면,0
2135,흑돼지 삼백식당,0
2136,설화참숯닭갈비,0
2137,등갈비애꼬치다,0
2138,우와,0
2139,부대찌개119,0
2140,미친고기,0
2141,도쿄스테이크,0
2142,버거앤프라이즈,0
2143,잇덴굿,0
2144,프루츠락,0
2145,육회한연어,0
2146,샤브향,0
2147,유장춘닭개장,0
2148,가리미김밥,0
2149,냉면입니다,0
2150,해풍담 대포항코다리와 화덕생선구이,0
2151,곱창가,0
2152,우주최강도시락,0
2153,바로파스타 바로덮밥,0
2154,배달요정,0
2155,모두의곱창,0
2156,춘천꼬꼬닭갈비,0
2157,생고기제작소,0
2158,오수명 오가네 생선구이,0
2159,산에간쭈꾸미,0
2160,생극해장국,0
2161,해운대제면소,0
2162,서울편백찜,0
2163,하남돼지집,0
2164,다샤브,0
2165,강순자옛맛김치찌개,0
2166,청국장과보리밥,0
2167,원종중앙시장,1
2168,고리울동굴시장,1
2169,청과물시장,1
2170,광명전통시장,1
2171,광명새마을시장,1
2172,새서울프라자,1
2173,제일쇼핑,1
2174,구매탄시장,1
2175,태안농협,1
2176,매산시장,1
2177,권선종합시장,1
2178,수원가구거리상점가,1
2179,화서시장,1
2180,구천동공구시장,1
2181,역전지하도상가,1
2182,못골종합시장,1
2183,영동시장,1
2184,팔달문시장,1
2185,수원시,1
2186,정자시장,1
2187,장안문거북시장,1
2188,미나리광시장,1
2189,남문패션1번가시장,1
2190,시민상가시장,1
2191,지동시장,1
2192,역전시장,1
2193,매산로테마거리상점가,1
2194,남문로데오시장,1
2195,수지농협,1
2196,죽전로데오상점가시장,1
2197,북수원시장,1
2198,구성농협,1
2199,기흥농협 ,1
2200,반딧불이연무시장,1
2201,삼미시장,1
2202,부천시흥원협,1
2203,용인농협,1
2204,모현농협,1
2205,포곡농협,1
2206,용인중앙시장,1
2207,이동농협,1
2208,원삼농협,1
2209,조암시장,1
2210,발안만세시장,1
2211,정남농협,1
2212,발안농협,1
2213,사강시장,1
2214,조암농협,1
2215,남양시장,1
2216,안산시,1
2217,오산오색시장,1
2218,관양시장,1
2219,지도농협,1
2220,산본시장,1
2221,안양원협,1
2222,시민시장,1
2223,오이도전통수산시장,1
2224,정왕시장,1
2225,반월농협,1
2226,중앙인정시장,1
2227,남부시장,1
2228,호계종합시장,1
2229,군포역전시장,1
2230,부곡도깨비시장,1
2231,박달시장,1
2232,안산농협,1
2233,화성푸드통합지원센터,1
2234,일동전통시장,1
2235,운천전통시장,1
2236,포천농협,1
2237,포천로컬푸드,1
2238,가산농협,1
2239,진접농협,1
2240,구리전통시장,1
2241,와부농협,1
2242,가평군산림조합,1
2243,가평잣고을전통시장,1
2244,청평여울시장,1
2245,가평농부들의카페장터,1
2246,장현5일장,1
2247,마석5일장,1
2248,광릉5일장,1
2249,평택시로컬푸드재단,1
2250,영농조합법인이천로컬푸드 ,1
2251,관고전통시장,1
2252,이천농협,1
2253,농업회사법인 향미,1
2254,사기막골도자기시장,1
2255,장호원전통시장,1
2256,중앙시장,1
2257,안성인삼농협,1
2258,안성마춤조합공동사업빕인,1
2261,안성로컬푸드유통센터,1
2262,통복시장,1
2263,대디팜영농조합법인,1
2264,송북시장,1
2265,서정시장,1
2266,송탄농협,1
2267,대덕농협,1
2268,안성맞춤시장,1
2269,기흥농협,1
2270,안중농협,1
2271,안중시장,1
2272,야탑에이스코아시장,1
2273,현대시장,1
2274,분당우성시장,1
2275,범한프라자시장,1
2276,미래타운제2종합시장,1
2277,코코프라자시장,1
2278,미래그린시장,1
2279,청구문화시장,1
2280,동신종합시장,1
2281,코끼리상가,1
2282,분당종합시장,1
2283,현대프라자시장,1
2284,하대원공설시장,1
2285,모란민속5일장,1
2286,미금현대벤처빌시장,1
2287,신흥시장,1
2288,은행시장,1
2289,성남남한산성시장,1
2290,상대원시장,1
2291,단대마트시장,1
2292,성호시장,1
2294,성남중앙지하시장,1
2296,모란시장,1
2297,성남농협,1
2298,경안시장,1
2299,양서농협,1
2300,양평물맑은시장,1
2301,용문천년시장,1
2302,양평친환경로컬푸드협동조합,1
2303,청운농협,1
2304,양수리전통시장,1
2306,돌고래시장,1
2307,덕풍시장,1
2308,신장시장,1
2309,농업회사법인  천보인,1
2316,농업회사법인엘리트농부 ,1
2317,전곡농협,1
2318,전곡재래시장,1
2319,의정부제일시장,1
2320,의정부청과야채시장,1
2321,의정부시장,1
2322,큰시장,1
2324,제일시장,1
2325,세아프라자,1
2326,여주농협,1
2327,대신농협,1
2328,세종대왕농협,1
2330,한글시장,1
2331,여주로컬푸드 사회적협동조합,1
2332,아홉색깔농부협동조합,1
2333,일산농협,1
2334,패션1번지,1
2335,송포농협,1
2336,원당농협,1
2337,금촌농협,1
2338,금촌문화로시장,1
2339,금촌명동로시장,1
2340, 파주장단콩웰빙마루,1
2341,파주연천축협,1
2342,조리농협,1
2343,금촌전통시장,1
2344,문산자유시장,1
2345,북파주농협,1
2346,적성전통시장,1
2347,벽제농협,1
2348,원당시장,1
2349,고양축협,1
2353,능곡시장,1
2354,일산시장,1
2357,김포중앙시장,1
2358,양곡시장,1
2359,통진시장,1
2360,양곡장터시장,1
2362,김포농협,1
2364,고촌농협,1
2365,신김포농협,1
2366,부천한신시장,1
2367,조공시장,1
2368,소사종합시장,1
2369,역곡상상시장,1
2370,부천상동시장,1
2371,원미종합시장,1
2372,부천자유시장,1
2373,원미부흥시장,1
2374,부천시흥원예농협,1
2376,강남시장,1
2377,부천제일시장,1
2378,원종종합시장,1
2379,오정시장,1
2380,역곡남부시장,1
2381,중동사랑시장,1
2382,조원시장,1
2383,송우5일장,1
2384,내리5일장,1
2385,일동5일장,1
2386,이동5일장,1
2387,양문5일장,1
2388,금호시장,1
2389,금광시장,1
2390,도일시장,1
2391,모란전통기름시장,1
2394,죽산시장,1
2395,일죽시장,1
2396,신읍5일장,1
2397,운천5일장,1
2398,관인5일장,1
2399,광탄시장,1
2400,봉일천시장,1
2401,가남시장,1
2402,율촌시장,1
2403,양동쌍학시장,1
2405,안산종합유통단지,1
2407,엘스퀘어,1
2408,홈플러스 ,1
2410,롯데쇼핑롯데마트 ,1
2411,트레이더스 홀세일클럽 ,1
2412,GS슈퍼 ,1
2413,라스플로레스,1
2414,홈플러스테스코 ,1
2416,홈플러스익스프레스 ,1
2417,레이킨스몰,1
2418,서안성농협 하나로마트,1
2419,제페,1
2420,삼성상가,1
2421,롯데쇼핑 롯데슈퍼 ,1
2422,포리치,1
2423,이마트 ,1
2426,지에스리테일 GS수퍼 ,1
2427,모다아울렛 B동 ,1
2428,테마폴리스 지상1 2층,1
2429,라페스타,1
2430,천우산업개발 역북패션아울렛  마트,1
2431,라벨라 아울렛,1
2432,과천2차종합상가,1
2434,테마폴리스 ,1
2437,아워스몰,1
2439,벽산상가,1
2441,월마트슈퍼센터 ,1
2442,동성종합상가,1
2443,홈플러스 익스프레스 ,1
2445,이케아 ,1
2446,이마트에브리데이 ,1
2447,더콜로니운정몰,1
2449,천혜그레이스,1
2450,삼성테스코 홈플러스 ,1
2451,수원역사,1
2453,프리미엄아울렛,1
2455,현대종합시장상가,1
2456,신세계사이먼 ,1
2460,로데오프라자,1
2462,마도공구유통상가,1
2463,뉴코아 ,1
2465,뉴코아,1
2466,육동시장,1
2471,안산제일종합시장,1
2472,파보레쇼핑몰,1
2473,지에스리테일 ,1
2474,롯데쇼핑 롯데마트 ,1
2475,중동한신코아,1
2476,롯데몰수원,1
2479,풍성상가,1
2481,부천역사쇼핑몰,1
2482,판교시장,1
2485,문산시장,1
2486,지에스리테일 GS 수퍼 ,1
2487,임광종합상가,1
2489,새수원리빙타운,1
2490, 세이브존 아이엔시 ,1
2491,트레이더스 홀세일 클럽 ,1
2492,한국까르푸 ,1
2493,롯데마켓 999 ,1
2498,롯데쇼핑롯데슈퍼 ,1
2499,평해종합건설,1
2501,팜스프링상가,1
2504,LG마트 ,1
2505,GS수퍼마켓 ,1
2506,이천일아울렛 ,1
2507,코스트코 홀세일 ,1
2508,철산중앙시장,1
2509,비앤큐 홈,1
2510,분당 현대시장,1
2512,이 마트 ,1
2515,주식회사 부방유통,1
2519,뉴삼창마트,1
2520,한양프라자 ,1
2523,LF네트웍스 ,1
2526,지에스리테일GS수퍼 ,1
2527,안양중앙지하도 상가,1
2530,부영아파트상가,1
2532,파주 농수산물 물류센타,1
2535, 이마트 ,1
2537,한솔프라자시장,1
2539,북수원 패션아울렛,1
2542,맥슨컨설팅,1
2544,농협중앙회 하나로클럽 ,1
2546,신세계 이마트 ,1
2548,샤크존,1
2550,세류종합상가,1
2551,남양종합시장,1
2552,안성축산농협 하나로마트,1
2554,롯데쇼핑롯데마켓999 ,1
2555,군자포커스프라자,1
2557,세이브존 ,1
2558,The SAY,1
2560,시농마트,1
2561,의정부역지하상가,1
2564,롯데슈퍼 ,1
2571,서울프라자,1
2572,안양국제유통단지,1
2576,현대상가,1
2578,롯데슈퍼 주식회사 미친데이 ,1
2579,두진레이크,1
2580,이마트 에브리데이 ,1
2583,디퍼의류타운,1
2587,미래타운제1종합시장,1
2588,동양마트,1
2590,세류시장,1
2591,스타필드 안성,1
2592,농협 하나로클럽 ,1
2594,미즘,1
2595,종합시장,1
2598,상지시장,1
2599,2000마트,1
2600,프라임아울렛,1
2601,라성프라자,1
2602,안양중앙시장,1
2606,홈플러스,1
2611,롯데쇼핑 마그넷 ,1
2612,우정프라자,1
2615,부천농축수산물 유통센터,1
2616,AK PLAZA,1
2617,LOTTE FITIN ,1
2618,뉴코아아울렛 ,1
2620,부천터미널 소풍,1
2621,정자종합시장,1
2622,e 편한세상 시티 삼송,1
2623,에브리데이 ,1
2624,벽산그랜드코아,1
2625,권선종합상가,1
2626,투마트,1
2628,유니코,1
2630,이마트안성,1
2633,해태쇼핑,1
2634,E 가구랜드,1
2635,월드프라자,1
2636,GS슈퍼마켓 ,1
2637,라 몬테 이탈리아노,1
2638,GIFC MALL,1
2639,스타필드시티 ,1
2641,코즈니,1
2643,한섬 패션웨어하우스,1
2645,삼성테스코홈플러스 ,1
2647,의정부제일시장번영회,1
2648,신안프라자,1
2656,세이브존아이앤시 ,1
2658,이채쇼핑몰,1
2659,현대프리젠트프라자,1
2662,테마폴리스,1
2663,시화공구상가사업협동조합,1
2664,대우로얄마트,1
2666,태영프라자,1
2667,광주터미널이프라자,1
2668,신세계 이마트 경기 ,1
2672,김포농협 농수축산물판매장,1
2673,힐스몰,1
2674,시화공작기계 스텐레스판매조합,1
2675,하대원시장,1
2677,투나,1
2679,구리농수산물소매시장,1
2681,주식회사 신세계 ,1
2683,세이브존,1
2685,두진쇼핑,1
2687,신수원종합상가,1
2689,뉴코아동수원아울렛,1
2690,주식회사 이랜드리테일,1
2691,청원시장,1
2692,이마트에브리데이,1
2696,과천제일쇼핑센터시장,1
2700,오산 파크스퀘어,1
2704,한국기계유통단지관리사무소,1
2705,씨마1020,1
2706,스타필드 시티 ,1
2707,롯데쇼핑 ,1
2712,안산시 시민시장,1
2713,에프앤에프용인,1
2714,그레이스쇼핑,1
2715,세파월드,1
2716,용인농협파머스마켓,1
2719,네스앙스,1
2720,웨스턴돔,1
2721,애경자산관리AK기흥,1
2723,영동유통상가,1
2724,신세계이마트 ,1
2729,안양월드,1
2730,AK PLAZA ,1
2732,수원종합공구단지,1
2735,신세계 ,1
2737,메가마트 ,1
2740,지지아나,1
2743,엔터,1
2744,일산 벨라씨타,1
2747,더샵 스타파크 쇼핑몰,1
2748,스타필드 하남,1
2751,서전타운,1
2752,메르존,1
2754,고양 일산 호수공원 가로수길,1
2757,E 마트,1
2758,오산종합시장,1
2760,부일프라자,1
2764,현대프리미엄아울렛 ,1
2766,DISCOUNT STORE 광주 ,1
2767,구리아울렛 The Box,1
2769,쥬네브썬월드,1
2774,성담유통시화 E Mart,1
2775,신미주상가,1
2776,주식회사 에이치비,1
2777,동서코아,1
2778,수협바다마트 쇼핑몰,1
2780,미래타운 제2종합시장,1
2786,월마트코리아,1
2788,모다아울렛 A동 ,1
2789,뉴코아 아울렛 ,1
2790,롯데쇼핑  ,1
2791,신라쇼핑타운,1
2792,NC수원 ,1
2795,리베르떼,1
2796,신안종합상가,1
2798,동남종합상가,1
2799,동남2차 종합상가,1
2802,동부시장,1
2809,고양 원마운트,1
2810,드림모아,1
2811,럭키종합상가,1
2814,죽전패션타운,1
2815,동현종합상가,1
2819,관보종합시장,1
2820,스타프라자,1
2821,Issue Nine,1
2824,중앙제일시장,1
2825,트리플렉스 B단지,1
2826,롯데마트 ,1
2827,홈플러스 평택안중,1
2829,해피니스,1
2830,연무시장,1
2832,중앙상가,1
2833,패션일번가,1
2834,롯데프리미엄아울렛 ,1
2840,부천농축수산물유통센타,1
2843,롯데몰 ,1
2846,로얄쇼핑,1
2847,익스프레스 ,1
2848,파보레 쇼핑몰,1
2850,금촌타워상가,1
2853,그린맨션상가,1
2854,크로앙스,1
2858,골든힐시장,1
2859,하나로마트 ,1
2860,에이치비 스위티마트,1
2863,지에스리테일 GS슈퍼 ,1
2864,구운종합상사,1
2868,삼성홈플러스 ,1
2870,스타필드 고양,1
2871,시화유통상가사업협동조합,1
2877,역전지하상가,1
2880,일렉트로마트 ,1
2883,노브랜드 ,1
2884,홈플러스 주식회사 ,1
2886,서부공단전시판매센타,1
2889,중앙하이츠시장,1
2891,용인골드타워모드빌,1
2893,모다아울렛,1
2894,부천프라자,1
2895,지에스리테일 GS스퀘어 ,1
2898,한화갤러리아 ,1
2903,정왕시장조합,1
2905,까르푸 안양하이퍼마켓,1
2910,카림애비뉴,1
2913,뉴서울프라자,1
2914,홈플러스 익스플레스 ,1
2917,현대베스코아,1
2922,오이도종합어시장,1
2923,동두천농협하나로마트,1
2928,부천지하상가,1
2930,한국상가,1
2934,광명한진타운시장,1
2935,이천일아울렛,1
2936,청도훼미리코아,1
2937,다농마트,1
2938,익스프레스 구리 ,1
2940,세이브존아이앤씨 ,1
2941,이천 롯데프리미엄 아울렛,1
2942,한양브라자 ,1
2943,고강제일시장,1
2944,화성공구유통밸리,1
2945,이마트 메트로 ,1
2946,안산의류상설할인매장 B동,1
2947,현대프리미엄 아울렛  별관,1
2950,신세계 이마트,1
2956,코코프라자 시장,1
2960,매교상가,1
2966,과천3차현대종합상가,1
2967,선플렉스미트,1
2971,미래타운 제1종합시장,1
2974,엘리웨이 광교,1
2976,금촌신시장,1
2977,관악시장,1
2980,안양롯데프라자,1
2985,농축수산물유통센터,1
2993,롯데아울렛 ,1
2996,금산시장,1
3001,주식회사 이마트 ,1
3005,권선종합프라자,1
3006,케이플러스,1
3008,스틸랜드 관리단,1
3011,한양2차상가,1
3012,백송한신종합상가,1
3014,코스트코홀세일 ,1
3015,주식회사 락앤락,1
3020,뉴코아 한신상가,1
3023,비산시장,1
3024,삼풍프라자,1
3025,니즈,1
3029,석수시장,1
3030,롯데 아울렛 ,1
3032,모다이노칩 ,1
3033,광성상가,1
3034,월드코아,1
3037,씨마1020패션쇼핑몰,1
3044,씨마1020 ,1
3047,월마트슈퍼센터,1
3048,엠프라자,1
3057,원당종합시장,1
3059,롯데쇼핑VIC마켓 ,1
3061,로얄,1
3064,쥬네브쇼핑몰,1
3067,농협유통하나로클럽 ,1
3070,슈마프라자,1
3072,팅스,1
3076,인계종합상가,1
3077,신세계프리미엄아울렛 ,1
3078,롯데쇼핑 VIC마켓 ,1
3079,타임테라스,1
3085,TOP PRICE WHOLESALE,1
3090,이마트 킨텍스 쇼핑센타,1
3091,CGV Square,1
3092,수원새로나,1
3095,해태쇼핑타운,1
3096,올리브상가,1
3097,한국주택종합상가,1
3098,금호종합시장,1
3099,동성탑스아울렛,1
3101,오정종합시장,1
3103,프라자2000,1
3106,세신옴니코아시장,1
3108,요진타워,1
3111,유천종합시장,1
3115,수원프리미엄아울렛,1
3119,월드아파트 상가,1
3120,센터블SPA,1
3124,안산의류상설할인매장 A동,1
3126,뉴코아 동수원아울렛,1
3128,쥬네브문월드,1
3135,원천성일상가,1
3136,한솔코아,1
3138,트리플렉스 A단지,1
3139,서현킴스,1
3140,리치마트 ,1
3142,시흥배곧 아브뉴프랑 센트럴,1
3144,리빙파워센터,1
3146,시흥플랑드르,1
3147,엘마트,1
3148,파미어스몰,1
3149,GS THE FRESH ,1
3153,엘마트 ,1
3154,롯데프레시 ,1
3155,화서역 파크 푸르지오,1
3156,한성몰 ,1
3157,코리아마트,1
3158,광주 금호 리첸시아 센트럴 스퀘어,1
3159,평택프리미엄아울렛,1
3161,홈씨씨 ,1
3162,엔터식스패션쇼핑몰 ,1
3164,광명시장,1
3165,오산 원동 상점가,1
3167,정동마트,1
3169,느티나무마트,1
3170,수원축산농협 하나로마트,1
3173,힐스테이트 금정역 상업시설,1
3174,태영상가,1
3175,고양삼송현대헤리엇,1
3177,세영산업주식회사,1
3181,레이크꼬모,1
3183,광교 엘포트 몰,1
3186,광명역세권택지개발지구복합단지판매시설D멀티플렉스AK PLAZA,1
3187,군포송정 풍산리치안 플랫몰,1
3191,이지바이 봉담,1
3192,아쿠아펫랜드,1
3193,애비뉴모나코,1
3196,현대그린프라자,1
3200,브리티시 고덕,1
3203,중흥S클래스,1
3204,현대프리미엄아울렛 SPACE1,1
3206,다산역 데시앙 상업시설,1
3212,삼촌네 슈퍼마켓 ,1
3213,심도유통,1
3215,지에스리테일,1
3216,진로할인마트,1
3219,남동공단할인마트,1
3220,에이스마트,1
3222,주 뉴미래로유통,1
3223,리더스엠식자재,1
3224,이조식자재마트,1
3225,빅마트,1
3226,우리홈마트,1
3227,비엘식자재마트,1
3228,월드마트,1
3229,참조은홈마트,1
3230,미소이마트,1
3231,에이스식자재마트,1
3232,행복한마트,1
3233,모연홈마트,1
3235,논현현대식자재,1
3236,논현빅마트,1
3237,남동농협하나로마트,1
3238,에덴마트,1
3239,다드림할인마트,1
3243,구월하나마트,1
3244,G마트,1
3246,아주유통,1
3248,동양홈마트,1
3249,행복드림마트,1
3252,지에스 더프레시 ,1
3253,와식자재마트,1
3257,동서로마트,1
3258,정감유통,1
3259,리팡,1
3262,지에스25광명보보,1
3269,지에스25광명세인트,1
3274,LG25시 ,1
3276,세븐일레븐 ,1
3281,한국미니스톱 ,1
3282,바이더웨이 ,1
3284,씨스페이스광명하이츠,1
3288,훼미리마트,1
3290,훼미리마트 ,1
3296,지에스25소하휴먼시아,1
3303,지에스25광명소하,1
3321,이마트24알광명옥길,1
3325,씨유광명하늘탑,1
3333,세븐일레븐,1
3344,광명씨유 ,1
3345,씨유,1
3346,보광훼미리마트 ,1
3352,지에스25광명로데오,1
3359,지에스25철산롯데캐슬,1
3360,미니스톱,1
3373,이마트24광명하안9단지,1
3374,이마트24,1
3378,바이타임 ,1
3396,씨유 ,1
3397,코리아세븐 ,1
3399,이마트24 ,1
3402,GS25청평강변나루,1
3409,지에스25 ,1
3412,GS25 ,1
3414,GS25남이섬,1
3415,GS25경춘대성,1
3426,씨유가평타운,1
3428,지에스25가평터미널,1
3431,씨유 뉴현리맹호,1
3432,지에스25,1
3433,파란스포츠 ,1
3434,미니스톱 ,1
3439,GS25 삼송스타,1
3441,씨유 삼송리슈빌,1
3444,지에스25 대화엠시티,1
3445,씨유 지축스타,1
3452,세븐일레븐 원흥연세프라자,1
3468,지에스25 강선15단지,1
3471,비지에프리테일 ,1
3473,세븐일레븐삼송스타클래스,1
3483,아이지에이마트 ,1
3500,씨유 일산 하늘마을5단지,1
3507,GS25 덕이송윤,1
3511,IGA ,1
3512,세븐일레븐지축푸르지오,1
3515,지에스25 뉴탄현제니스,1
3520,GS25덕이한소망,1
3530,고양지역자활센터 ,1
3531,CU ,1
3552,지에스25일산장항로,1
3561,세븐일레븐 주교사랑,1
3562,CU북한산 ,1
3566,노래하는 분수대 ,1
3568,홍시가,1
3580,세븐일레븐 원당대로,1
3595,씨유 일산자이3차 ,1
3601,GS25,1
3602,GS25고양문봉,1
3605,GS25 일산하늘,1
3614,GS장항호수,1
3618,GS25  백석터미널,1
3621,지에스25 일산삼익,1
3631,GS25가좌대우,1
3633,GS25 일산주은,1
3635,GS25 장항 마이다스,1
3636,GS25 강선마을,1
3639,GS25 대화건영,1
3653,GS25일산대산,1
3659,GS25덕이대림,1
3665,위드미 ,1
3666,GS25자이베스트,1
3667,GS25탄현큰마을,1
3674,지에스25 탄현파워,1
3678,GS 25 백석 ,1
3684,GS25 탄현제니스,1
3688,세븐일레븐 백석비잔티움,1
3690,GS25원당대림,1
3691,GS25일산현대,1
3701,GS25일산시티,1
3704,일산백송마을5단지 씨유,1
3709,GS25고양대로,1
3713,GS25백마스타,1
3721,GS25 성석중앙,1
3735,GS25 장항레이크,1
3740,GS25 가좌벽산,1
3741,GS25 마두으뜸,1
3742,GS25고양식사,1
3761,지에스25 문봉사거리,1
3762,씨유백석건영2,1
3763,세븐일레븐 삼송아이파크,1
3780,한양관광신1호휴게실,1
3781,인더라인25 ,1
3787,세븐일레븐 일산 ,1
3793,GS 25 풍동 ,1
3802,이영산업,1
3811,한양관광구6호휴게실,1
3812,LG25시고양원당,1
3813,새로아마트,1
3816,우리슈퍼,1
3817,한양관광구15호휴게실,1
3824,GS25 고양원당,1
3829,항양관광5호휴게실,1
3830,토스트굽는사람들,1
3861,현식품,1
3862,큰울새휴게소,1
3863,도투락의집 ,1
3864,대한민국상이군경회서울대공원 보훈스넥,1
3865,시대식품,1
3866,키즈파래스,1
3867,새서울문화공간,1
3868,샹브레베이커리,1
3869,쎄븐일레븐과천 ,1
4015,지에스25 태전경남,1
4018,GS25 광주태전,1
4031,광주시노인복지관 지에스25 ,1
4047,GS25 광주플래티넘,1
4049,지에스25 광주무갑2호,1
4072,GS25 광주천진암로,1
4078,GS25 광주초월역,1
4086,GS25광주동막,1
4094,지에스25  ,1
4100,이마트24  ,1
4111,씨유 광주훼미리,1
4124,GS25광주산수로탑,1
4129,씨유 광주목현,1
4139,기숙사휴게업,1
4174,씨유 광주양벌,1
4178,아이조아,1
4185,GS25 광주쌍령,1
4191,세븐일레븐 경기광주 ,1
4205,GS25광주삼지곡,1
4212,레몬비 ,1
4221,GS오포헤송,1
4226,GS25오포센터,1
4229,GS25 광주수레실,1
4233,GS25 광주운동장,1
4255,물빛공원 ,1
4262,GS25뉴광주진우,1
4285,GS ,1
4329,세븐일레븐 퍼스트센트힐,1
4333,아이지에이 ,1
4341,미니스톱 광주 ,1
4342,미스터마트,1
4345,CU광주목현타운,1
4348,GS25 광주실촌,1
4349,GS25 광주물빛,1
4350,중앙스넥,1
4357,씨유 광주선동,1
4359,에이원,1
4361,CU,1
4362,미니앤탑,1
4368,제이마트,1
4373,GS25 장지타운,1
4375,포시즌마트,1
4408,지에스 25 ,1
4427,지에스25 인창삼성,1
4434,금화,1
4438,지에스25갈매주공,1
4447,GS25 갈매신성,1
4454,한국미니스톱,1
4455,코리아세븐,1
4457,GS25구리하나,1
4468,GS25 구리스타,1
4479,GS25 갈매푸르지오,1
4500,롯데씨브이에스711 ,1
4510,롯데쇼핑 롯데시네마 구리7,1
4511,비제에프 ,1
4530,카페 지니얼 빈,1
4540,패밀리마트 ,1
4543,구리멀티스포츠센터 ,1
4571,씨유군포당동 ,1
4594,GS25금정삼성,1
4608,지에스25산본스타,1
4610,이마트24산본센트로,1
4612,지에스25군포번영,1
4614,바이더웨이,1
4621,한세마트,1
4622,포시즌,1
4629,지에스25군포태광,1
4638,지에스25금정스마트,1
4647, 스낵바,1
4648,산본옥찜질방휴게소,1
4649,피자팝부페,1
4651,스물넷마트,1
4657,태인로손 ,1
4658,굿플러스,1
4663,쎄븐일레븐,1
4680,지에스더프레시 GS THE FRESH ,1
4712,cu구래럭스나인,1
4730,지에스 ,1
4732,세블일레븐 ,1
4763,쉬즈베이글 ,1
4771,이마트24R ,1
4775,씨유김포이젠IT동,1
4787,농업회사법인 좋은날 이마트24R ,1
4803,씨유김포풍무행복,1
4835,GS25 한강라베니체,1
4841,GS25고촌현대,1
4846,GS25 풍무푸르지오,1
4865,GS25김포고촌,1
4874,매일매일유통,1
4875,CU오리정,1
4878,GS25 가현로드,1
4899,플존PC방,1
4913,GS25김포마송,1
4916,스마일찹쌀꽈배기,1
4917,Gs25 김포메카,1
4944,GS25 운양시티,1
4963,GS25 김포귀전,1
4975,이마트24김포쌍용예가,1
4985,CU 캐널시티,1
4996,씨스페이스 ,1
5008,세븐일레븐하성무지개,1
5016,GS25운양타운,1
5021,IGA푸드,1
5027,GS25김포장기,1
5033,GS25김포아라,1
5063,GS25 구래호수,1
5070,에그셀런트 ,1
5083,지에스25 초원로드,1
5090,GS25양촌타워,1
5099,고스트캐슬,1
5105,씨유대곶베스트,1
5106,씨유 통진원룸,1
5111,김밥앤커피휴게소,1
5113,상아마트,1
5122,달맞이,1
5123,월교휴게소,1
5126,KB 1주유소,1
5127,GS 25 ,1
5128,소문난 찐빵,1
5135,365PLUS 김포대림,1
5142,홈플러스365김포예가,1
5144,세븐일레븐김포학운리,1
5148,GS25장기금호,1
5153,위스테이별내 세븐일레븐,1
5166,책먹는돼지,2
5167,책방마음이음,2
5168,탐조책방,2
5169,하늘북,2
5170,배곧문고,2
5171,서협문고 시흥능곡,2
5172,시흥문고,2
5173,연성문고,2
5174,은계문고,2
5175,책방내심,2
5176,한가람문고,2
5177,난나책방,2
5178,대동서적  ,2
5179, 생활관,2
5181,책방 펨,2
5183,희망서적,2
5184,다즐링북스,2
5187,다온앤북,2
5188,성민사,2
5189,정우사,2
5190,종로문고,2
5191,평촌문고,2
5192,하이대동문고,2
5196,삼숭문고,2
5200,책보고가게,2
5201,중앙문고,2
5203,책방내일,2
5204,열린문고,2
5205,하프앤보울,2
5207,그냥책방,2
5208,리브레리아Q,2
5210,그림이야기책방,2
5213,미래로문고,2
5214,발전소책방5협동조합,2
5215,소소한책방,2
5216,쑬딴스북카페,2
5218,책향기문고,2
5220,행복한책방,2
5222,세종문고,2
5224,이충문고,2
5225,최선책,2
5226,평택경인문고,2
5227,한가람문고몰 ,2
5231,자유문고,2
5233,하남문고,2
5236,나래문고,2
5237,동탄서울문고,2
5238,모모책방,2
5239,삼성문고,2
5240,오이책방,2
5242,책방토브,2
5243,카잔차키스,2
5245,한가람문고 화성북스,2
5248,굼벵책방,2
5249,북유럽,2
5250,고메북스,2
5251,미스터버티고,2
5252,북마트,2
5253,북차카,2
5254,반달서림동백,2
5257,북살롱벗,2
5258,빈칸놀이터,2
5259,수지문고,2
5260,수지상현문고,2
5261,신봉문고,2
5262,인시즌,2
5264,한솔서적,2
5265,사각사각책방,2
5266,아가북스,2
5267,청계문고,2
5271,푸른세상문고,2
5272,혜림문고,2
5275,교하문고,2
5276,빈빈책방,2
5277,성사문고,2
5279,슈가메르헨,2
5280,알모책방,2
5283,위드위로,2
5284,이야호우북스,2
5285,정글북,2
5286,지산문고,2
5288,플라뇌즈,2
5289,한양문고 ,2
5292,후곡문고,2
5293,북마당,2
5294,읽을마음,2
5295,서광문고,2
5296,세컨드페이지북스,2
5297,동양문고,2
5298,미금문고,2
5299,북포레,2
5300,비북스,2
5302,으뜸서적,2
5303,정자문고,2
5304,좋은날의책방,2
5305,코끼리서적,2
5309,교문서적,2
5310,낯설여관,2
5311,마그앤그래,2
5313,상지문고,2
5314,성문서림,2
5316,앉으나서나책사랑,2
5318,동백문고,2
5319,명지문고,2
5320,북소리책방,2
5321,시옷살롱책방,2
5323,중앙문구서적,2
5324,평화를품은책방,2
5325,한양문고,2
5326,비전문고,2
5327,소사벌문고,2
5328,아르카북스,2
5333,현화문고,2
5335,청운서림,2
5339,센트럴문고,2
5340,월드북문고,2
5342,태안문고,2
5343,학우당,2
5345,도심산책,2
5346,오직,2
5347,동일책문고,2
5348,은하문고,2
5349,너의작업실,2
5351,베스트문고,2
5353,북코리아,2
5356,율전문고,2
5358,이상문고,2
5360,장안문고,2
5363,백투더북샵,2
5367,정왕문고,2
5368,학생서점문구,2
5369,행복한서적,2
5371,안산문고,2
5372,토닥토닥괜찮아,2
5373,한울book,2
5374,공도문고,2
5375,동방서림,2
5377,그린문고,2
5378,북앤스쿨,2
5379,평촌범계문고,2
5380,학원문고,2
5381,북씨,2
5382,고읍동 커피책방,2
5383,상록수서점문구,2
5385,해솔문고,2
5386,산책하는고래,2
5387,카페옥이네,2
5391,운암문고,2
5392,KS BOOK,2
5394,영동문고,2
5396,인하서적,2
5397,일지서적,2
5398,중앙서적,2
5399,근근넝넝,2
5400,마음북스랩,2
5403,갈매책방 북적북적,2
5404,동원서적,2
5405,산본문고,2
5407,관악도서 ,2
5409,민들레와달팽이,2
5411,우리서적,2
5412,제일문고,2
5413,책방짙은,2
5414,통진문고,2
5415,한강문고 ,2
5416,개구리서적 ,2
5418,곰씨네그림책방,2
5419, 효선 빛을만들다,2
5420,동네북,2
5421,동보문고,2
5422,명지도서,2
5423,블랙버드북숍,2
5425,책방이또지라,2
5426,태성서적,2
5427, 책 읽는 커피,2
5428,상상심서,2
5431,글한스푼,2
5432,빛나는 친구들,2
5435,공간정오,2
5436,그림책NORi,2
5437,대명서적,2
5438,중원문고드림디포,2
5439,테이블오브콘텐츠,2
5441,경기서적,2
5442,골드북 ,2
5443,그런 의미에서,2
5444,리틀존영통문고 ,2
5445,망포문고,2
5447,서른책방,2
5448,세종서림,2
5449,아뮤컨셉,2
5450,에듀문고,2
5451,일신사문고,2
5452,임광문고,2
5453,제일서적,2
5454,크로앙스문고,2
5455,노란부엉이,2
5456,서행구간,2
5461,게으른정원,2
5462,김포서적,2
5463,꿈틀책방,2
5464,빅365,2
5466,장기문고,2
5467,책방노랑,2
5468,코뿔소책방,2
5469,한강문고,2
5470,가온서적,2
5471,레몬 서적 진접,2
5473,오롯이서재,2
5474,진접문고,2
5476,평내문고,2
5478,우리서점송내,2
5483,은성문고,2
5484,한결문고,2
5487,대우서적,2
5488,생각을담는집,2
5490,용인문고,2
5491, 대광문고,2
5492,하나문고,2
5493,한울문고,2
5494,신대교문고,2
5495,어바웃북스,2
5496,국민서적,2
5497,대기문고,2
5498,숭문당,2
5500,플러스비 ,2
5501,호원문고,2
5502,서희문고,2
5503,책방소요,2
5504,에이스북,2
5505,오후서재,2
5506,원흥서점디엘북,2
5507,이랑,2
5508,일산문고,2
5511,클라우드 북카페,2
5515,행신문고,2
5517,타샤의책방,2
5518,부광서적,2
5519,시현문고 교재,2
5521,이매문고,2
5523,남동문고,2
5524,논현문고 ,2
5525,동일문고,2
5527,로얄문고,2
5528,만수서적,2
5530,서창문고,2
5531,마샘,2
5532,인천교육사,2
5533,장원문고,2
5534,푸른문고,2
5536,새인천문고,2
5538,세이북스,2
5540,연수국제서림,2
5541,더라이프,2
5542,연수종합문고,2
5547,대한서림,2
5548,동화서적,2
5549,예일사,2
5550,청암서적,2
5551,책방 모도,2
5552,대명서림,2
5555,한샘서림,2
5556,부평문고,2
5557,씽크빅문고,2
5558,더북스,2
5560,미래문고,2
5563,인천문고,2
5565,푸른솔문고,2
5566,한우리서점문구,2
5567, 88문구,2
5568,한국서적,2
5569,사각공간,2
5571,  서협문고,2
5572,KG북플러스작전,2
5577,온누리문고,2
5582,책방  국자와주걱,2
5583,책방 바람숲,2
5584,딸기책방,2
5587,미추홀문고,2
5589,서협문고,2
5591,아동도서,2
5594,청라문고,2
5597,도토리책방,2
5598,대세북 ,2
5599,이루리북스,2
5600,터전아동도서,2
5602,해오름서적,2
5603,아람북스 홈플러스 ,2
5604,태림서적,2
5605,웰북 ,2
5607,북하우스,2
5608,또래아동도서 ,2
5609,해바라기 ,2
5610,기쁨도서 ,2
5611,또래북스,2
5612,평촌어린이서점스펀지북,2
5614,개똥이네 ,2
5616,개구리서적,2
5617,상안책나무,2
5618, 토리북,2
5619,북앤아이 ,2
5624,현대서적,2
5625,마리북스,2
5627,송도어린이서점잭과콩나무,2
5628,책과아이들,2
5629, 해피북,2
5630,청라 미래서적,2
5631,꿈꾸는세상아동도서,2
5633,꿈담 ,2
5639, 세원북,2
5642,책읽는 아이들 ,2
5643,북스토리,2
5645,대박문고,2
5647,서당,2
5648,북스터,2
5650,북스북스,2
5651, 어린왕자,2
5652,노벨도서,2
5653,21세기아이들,2
5658,동아서적,2
5659,라쿤북 ,2
5660,걸리버아동도서,2
5661,아이북스 ,2
5662,반딧불이 ,2
5663,온니북스,2
5664,아람북스 쉬즈메디 ,2
5665,그레이트북스 키다리북마트,2
5666,아람북스  ,2
5667,산그림책방,2
5668,아람북스 씨앗책방,2
5669, 책마루,2
5670,똥강아지 ,2
5672, 판다북,2
5673,어린왕자  ,2
5679,책사랑 ,2
5682,키드키드,2
5683,아가서적 ,2
5684,어린이전문서점피노키오,2
5685,멍이친구 냥이의 책방,2
5687,아람북스 롯데마트 ,2
5688,집현전 ,2
5689,책을읽는아이들,2
5690,아가서적,2
5692,어린이서점키즈올,2
5693,테마북 물류센타,2
5694, 토크베베,2
5695,전집보고,2
5696,그레이트북스 놀부서적,2
5698,아이조아책조아,2
5701, 북스토리,2
5702,그레이트북스지혜랑책이랑,2
5704,꿈꾸는책방,2
5705, 탄탄스토리하우스,2
5706,아람북스 ,2
5709,키즈북세종,2
5712,파랑새 ,2
5713,우리아이 ,2
5715,파란북,2
5717,명지 ,2
5718,그림책 NORI,2
5719,교보서적,2
5721,헤이리 예술마을동화나라,2
5729,어린이월드,2
5731,예지책방,2
5732,금곡도서연금매장,2
5733,곰곰이서적,2
5735, 아톰북,2
5736,개구리서적  ,2
5737,애플리스 ,2
5741,아람북스 이마트 ,2
5742,검단 미래서적,2
5745,미소북,2
5746,개구리서적 노원1지사,2
5748,책먹는여우,2
5749,멜론북스,2
5750,그레이트북스갤러리,2
5751,아이들 책,2
5752,276센트럴영어도서,2
5753,그레이트북스 ,2
5754,아람북스 롯데몰 ,2
5757,책과노는아이들,2
5759,생각나무,2
5760,상상아이,2
5761,임본심책사랑,2
5762,아람 꼬모북스,2
5763,그랑트리북,2
5764,책방봄봄,2
5765,파브르도서,2
5766,똘book이네,2
5767,더큰북 ,2
5768,아람북스 AK플라자 ,2
5769,책사랑,2
5771,파랑나라 파랑별,2
5772,드림북아동도서,2
5774,어린이전문서점좋은책,2
5776, 북헌트,2
5778,우리아이,2
5780,디즈니월드잉글리쉬,2
5781,또또 아동 도서 ,2
5782,책이랑 노는 아이,2
5783,종일서적,2
5785,퍼니북스,2
5787,책방 같이가치,2
5789,아동도서할인점현대코아,2
5790,아이북,2
5794,책과크는아이,2
5795,그레이트북스 세원북,2
5796,알찬도서,2
5797,천안곰곰이,2
5798,슈퍼스타 ,2
5802, 노은정글북,2
5804,책놀이터,2
5806,공주네책방,2
5812,동인    스터디카페,2
5813,경인문고,2
5814,케이북스 ,2
5816,디에이치북스,2
5817,BOOKSSTATIONERY ,2
5819,좋은책친구,2
5820,더뱅 ,2
5824,유림서점문구,2
5825,영풍문고 ,2
5827,사람과공간,2
5830,대학서적 인하대,2
5831,취한책방,2
5832,미추홀 사과나무 ,2
5834,한줄한줄,2
5835,경인서적,2
5836,중고책매장,2
5838,이레중고책방,2
5839,인천도서,2
5840,인천음악사,2
5841,상문도서,2
5842,이츠북,2
5843,도트원 ,2
5844,성이서점문구,2
5845,청운대학교 ,2
5846,문우서적,2
5847,지학사,2
5848,대영교육도서,2
5851,세븐일레븐 ,2
5852,존스북,2
5853,1984,2
5854,21세기문고,2
5856,Foreign book store,2
5857,PRNT,2
5858,SK문고,2
5859,YES24 중고매장,2
5860,YES24,2
5861,가가77페이지,2
5862,가람프라자,2
5864,갑을문고,2
5865,강동헌책방,2
5867,개똥이네,2
5871,개롱서적,2
5874,건영문고,2
5876,경희문고,2
5877,계성문고,2
5880,고시책사랑,2
5881,고요서사,2
5883,공간과몰입,2
5884,공상온도,2
5888,공씨책방,2
5891,공작문고,2
5892,과학책방 갈다,2
5893,관객의취향,2
5894,광명문고,2
5895,광진서적,2
5897,교보문고,2
5914,그날이오면 ,2
5915,그래서,2
5916,그래픽,2
5918,그랜드문고,2
5919,그린북스,2
5920,그림책방 곰곰,2
5921,글방,2
5925,글빛문고,2
5926,금지옥엽,2
5927,기독성문서적,2
5929,꼬리달린책방,2
5930,꽃피는책,2
5931,나나문고,2
5932,나라문고,2
5933,나무곁에서서,2
5934,나비루,2
5935,날일달월,2
5937,낫저스트북스,2
5938,노른자책방,2
5939,노말에이,2
5940,노원문고 ,2
5941,노원문고 제5매장,2
5943,뉴타운문고,2
5945,늘푸른글방,2
5947,다름상상,2
5948,다모아헌책방,2
5949,다산서적,2
5950,다솜문고,2
5953,다온책방,2
5954,달걀책방,2
5955,달마헌책방,2
5956,당인리책발전소,2
5957,대광서림,2
5958,대교서적,2
5960,대림문고,2
5961,대민문고,2
5963,대승서적,2
5964,대영문고,2
5966,대원문고,2
5967,대원서적,2
5971,대지책문고,2
5974,더레퍼런스,2
5976,더북소사이어티,2
5977,더북스 금성서적,2
5978,더북스 ,2
5981,더숲 초소책방,2
5982,덕인서림,2
5983,도도봉봉,2
5984,도시간,2
5985,도원문고,2
5986,도하서림,2
5987,도화북스,2
5988,동남서적,2
5989,동네책방 원테이블,2
5990,동네책방개똥이네책놀이터,2
5992,동방서적,2
5993,동북문고,2
5994,동신서림,2
5998,동양서림,2
6000,동지서적,2
6001,동화마을,2
6004,디자인북,2
6005,땡스북스,2
6006,라이너노트,2
6007,로데오문고,2
6008,로뎀서적,2
6009,로우북스,2
6010,로프 에디션스,2
6011,로프트북스,2
6012,마들문고,2
6013,마음책방 서가는,2
6014,마이어 날다,2
6015,마이페이브리트,2
6017,마포문고,2
6018,마포문구문고,2
6019,만나서적,2
6020,만유인력,2
6021,만점문고,2
6022,만화뱅크,2
6023,만화살롱 유어마나,2
6024,매거진랜드,2
6025,매일문고,2
6026,메종인디아 트래블앤북스,2
6028,명동문고,2
6032,모모,2
6033,목동문고,2
6034,무아레 ,2
6035,무엇보다 책방,2
6037,문학살롱 초고,2
6039,문화공간 길담,2
6040,문화문고,2
6044,뭐든지 책방,2
6045,미스터리 유니온,2
6046,미하북스,2
6048,민중서림,2
6049,믿음문고,2
6050,밍키,2
6051,바람길,2
6053,밝은책방,2
6058,번동문고,2
6059,번역가의 서재,2
6060,법문서적,2
6062,별책부록,2
6063,보람문고,2
6065,보안책방,2
6066,본동서적,2
6067,부비프,2
6068,북데이423,2
6069,북라인,2
6070,북바이북,2
6071,북뱅크,2
6072,북새통문고,2
6073,북스리브로,2
6075,북스토어17,2
6076,북스피리언스,2
6078,북오피스,2
6079,북촌책방,2
6080,북커스,2
6081,북티크,2
6082,분당책선생,2
6083,비건책방 서울,2
6084,비플랫폼,2
6085,비화림,2
6086,사가정문고,2
6087,사슴책방,2
6089,사유의 사유,2
6090,사이에 in 공간인흑석,2
6091,사이에 in 전진 문화사,2
6092,사진책방 고래,2
6093,사해책방 ,2
6094,산책자,2
6095,살롱 도스또옙스끼,2
6096,살롱드북,2
6097,삼보서점문구,2
6099,상계문고,2
6101,상상하는 삐삐,2
6102,상암 누리문고,2
6103,상현서림,2
6104,새고서림,2
6105,새벽감성1집,2
6106,샘서림,2
6107,생각의 주인,2
6109,서사 당신의 서재,2
6110,서울 셀렉션,2
6111,서울의 시간을 그리다,2
6112,서울책방,2
6113,서울책보고,2
6114,서일서적,2
6116, 리스본 포르투,2
6117, 마므레,2
6118, 정치발전소,2
6119,서점극장 라블레,2
6121,서촌 그 책방,2
6122,서향관,2
6123,석계문고,2
6124,선경문고,2
6125,선문고,2
6126,선영씨 책방,2
6127,선유서가,2
6128,성북동책방,2
6133,소나기 그림책방,2
6134,소리북스,2
6135,소수책방,2
6136,소요서가,2
6137,소원책담,2
6138,송파문고,2
6139,송파서적,2
6140,수도서림,2
6141,수수책방,2
6142,수수한 책방,2
6143,숙명도서,2
6144,순정책방,2
6145,순화동천,2
6146,숨어있는 책,2
6147,숭실서적,2
6149,스타더스트,2
6150,스토리지북앤필름,2
6152,스토리텔링,2
6153,스페인책방,2
6154,스프링 플레어,2
6156,시시소소,2
6158,시절인연,2
6161,신동아문고,2
6162,신명문고,2
6164,신성서림,2
6167,심지전문서적,2
6169,쌍문문고,2
6170,쎄임더스트,2
6171,쏘피아 ,2
6172,쓸모의 발견,2
6173,아운트,2
6175,아직 독립 못 한 책방,2
6176,아침달 북스토어,2
6177,아크앤북,2
6181,악어책방,2
6182,안도북스,2
6183,알라딘 중고매장,2
6201,알키미스타,2
6202,얄라북스,2
6203,양곡서림,2
6206,양현책세상,2
6207,어나더더블유,2
6208,어쩌다 산책,2
6209,어쩌다책방,2
6211,에이스문고,2
6213,엘지트윈문고,2
6215,엠프티폴더스,2
6216,여기서울 149쪽,2
6217,여행마을,2
6218,역사책방,2
6219,연도서,2
6220,연세문고,2
6221,연신내문고,2
6225,열린책방,2
6228,영파문고,2
6229,영풍문고,2
6242,예나글방,2
6244,예림문고,2
6245,예스북,2
6247,예일문고,2
6248,오에프알,2
6249,오프 투 얼론,2
6250,옥수서재,2
6252,올오어낫싱,2
6257,월드매거진,2
6258,월드문고,2
6259,월촌문고,2
6260,위트 앤 시니컬,2
6261,유어마인드,2
6262,유한서적,2
6263,은마서적,2
6264,은평문고,2
6265,이그잼플러스,2
6266,이나영책방,2
6267,이라선,2
6268,이레서적,2
6270,이마녀 중국어 스프,2
6271,이상한 나라의 헌책방,2
6272,이후북스,2
6273,인덱스숍,2
6274,일단불온 ,2
6275,일등문고,2
6278,일일호일,2
6279,잉크앤페더,2
6280,자각몽,2
6281,자고로,2
6283,자상한시간,2
6284,자연책사랑,2
6285,작업책방 씀,2
6286,장미문고,2
6287,장안현대문고,2
6288,전농서적,2
6289,정다운문고,2
6290,정연재,2
6292,정은도서,2
6294,정의문고,2
6295,제로헌드레드,2
6299,조은이책,2
6301,종로서적,2
6302,종암문고,2
6303,종합서적,2
6304,좋은책많은데,2
6306,주책,2
6309,중랑중고책갤러리,2
6310,중화문고,2
6311,중화서국,2
6312,지구불시착,2
6313,지금의세상,2
6314,지식을담다,2
6315,직매도서,2
6316,진부책방스튜디오,2
6317,진영문고,2
6319, 인공위성,2
6320,차일드북앤토이,2
6321,창문사,2
6323,채그로,2
6325,책가도,2
6326,책과얽힘,2
6327,책그리고,2
6329,책바,2
6330,책방 꼴,2
6331,책방 봄,2
6332,책방 사춘기,2
6333,책방 시나브로,2
6334,책방 이올시다,2
6335,책방 죄책감,2
6336,책방곱셈,2
6337,책방공책,2
6338,책방난달,2
6339,책방남산,2
6340,책방비엥,2
6341,책방서로,2
6342,책방연희,2
6343,책방이웃,2
6344,책방진호,2
6345,책보냥,2
6346,책빵 ,2
6348,책여행,2
6349,책의기분,2
6351,책이는당나귀,2
6352,책익다,2
6353,책인감,2
6354,책읽는 정원,2
6355,책읽는마을,2
6356,책크인,2
6358,청맥살롱,2
6359,초방책방,2
6361,초콜릿책방,2
6362,최인아책방,2
6363,최인아책방 ,2
6365,카모메그림책방,2
6366,커넥티드북스토어 더 세운,2
6367,커넥티드북스토어 더 을지,2
6368,커넥티드플래그십스토어,2
6369,케이피에스,2
6370,코믹갤러리,2
6371,코믹시티 성신북스,2
6372,코믹존,2
6373,코믹토토,2
6374,콕콕콕,2
6375,쿨디가,2
6376,클래식책방,2
6377,키다리영어샵,2
6378,토리헌책방,2
6379,톨쉽북스토어,2
6380,통문관,2
6381,트립북앤스페이스,2
6382,파움스서울,2
6383,페이퍼 뮤즈,2
6384,페잇퍼,2
6385,평화서림,2
6386,포스트 포에틱스,2
6388,풀무질,2
6389,프라임 ,2
6390,프루스트의 서재,2
6391,프린터스,2
6392,피스북스,2
6393,핏어팻,2
6394,하우스북스,2
6395,학림문고,2
6398,학창문고,2
6400,한권의 ,2
6403,한길서적,2
6404,한길서적 ,2
6406,한나책방,2
6407,한림사,2
6408,한미문화사,2
6409,한미서적,2
6410,한보책문구,2
6411,한솔문고,2
6413,한우리문고,2
6415,한평책빵,2
6416,함양서림,2
6417,햇빛문고 ,2
6419,햇살속으로,2
6420,행복한글간,2
6422,향기나무,2
6423,헬로인디북스,2
6424,현대문고,2
6427,현대서점문구,2
6431,형제할인책문고,2
6432,호박이넝쿨책,2
6433,호수책장,2
6434,홀로서기,2
6435,홈통,2
6436,홍익도서,2
6437,홍익문고,2
6438,홍제문고,2
6439,화랑문고,2
6445,희망문고,2
7021,21세기 ,2
7025,근비도서,2
7028,북앤북스 ,2
7032,삼정도서,2
7033,숲으로 된 성벽,2
7035,오복당,2
7038,인문책방 생의 한가운데,2
7041,제일도서,2
7042,주문도서,2
7044,학예서림,2
7046,향교도서,2
7047,에이스튜디오학원,2
7048,메디잡리더스간호학원,2
7049,멘토르수학전문학원,2
7050,산에듀김영준국어논술전문별관학원,2
7051,산에듀김영준국어논술전문프리미엄관학원,2
7052,산에듀김영준국어논술전문학원,2
7053,세한아카데미외국어학원,2
7054,엠제이재즈피아노실용음악학원,2
7055,인사이트어학원,2
7056,지이에스어학원,2
7057,케이미디어텍학원,2
7058,1 국어교습소,2
7059,101프렙학원,2
7060,123에듀진학상담지도교습소,2
7061,153줌바스아카데미작사작곡전문학원,2
7062,1 5디자인랩학원,2
7063,1교시수학학원,2
7064,21세기수학보습학원,2
7065,247에듀케어학원,2
7066,2관솔학원,2
7067,301아카데미영어교습소,2
7068,3에스잉글리쉬영어교습소,2
7069,414자기주도학습원격학원,2
7070,9087스튜디오미술교습소,2
7071,AI코딩교습소,2
7072,ANC크루팩토리승무원학원,2
7073,AN연기학원,2
7074,AN키즈연기학원,2
7075,BT수학전문수학교습소,2
7076,햇빛국어교습소,2
7077,햇살정원수능관학원,2
7078,햇살정원의대관학원,2
7079,행복을주는음악교습소,2
7080,행복한3월학원,2
7081,향상보습학원,2
7082,허브에듀학원,2
7083,허브엠디진학상담지도교습소,2
7084,허정희수학교습소,2
7085,헤나영어교습소,2
7086,헤라클레스미술학원,2
7087,헤리티지아트유학미술학원,2
7088,헤스트교육센터학원,2
7089,헤일리잉글리쉬영어교습소,2
7090,헥사곤수학학원,2
7091,헨리영어압구정학원,2
7092,헬렌영어교습소,2
7093,헬로아트미술교습소,2
7094,헬시언플라워학원,2
7095,현대에이플러스보습학원,2
7096,현대웅변교습소,2
7097,현대음악학원,2
7098,현대피아노교습소,2
7099,현대피아노조율기술학원,2
7100,현수학교습소,2
7101,현용자교습소,2
7102,현음악교습소,2
7103,형상기억흑과백조형관미술학원,2
7104,형설수학교습소,2
7105,형진영어학원,2
7106,혜기에듀원격학원,2
7107,혜성과학교습소,2
7108,혜성과학탐구학원,2
7109,혜성코멧학원,2
7110,혜안영어교습소,2
7111,혜윰수학교습소,2
7112,혜음국어영어학원,2
7113,혜인즈블라썸플로리스트화훼학원,2
7114,호건영어교습소,2
7115,호묵스미디어교육학원,2
7116,호산나음악교습소,2
7117,호연지기학원,2
7118,홀릭학원,2
7119,홍성민영어에듀학원,2
7120,홍양자교습소,2
7121,홍운서예교습소,2
7122,홍익루시아트미술교습소,2
7123,홍익미술교습소,2
7124,홍익미술창작소미술교습소,2
7125,홍익아트앤가든미술교습소,2
7126,홍익학원,2
7127,홍익화실미술교습소,2
7128,홍철라온수학교습소,2
7129,화랑한문교습소,2
7130,환미술교습소,2
7131,황수비수학학원,2
7132,황은경대치수학교습소,2
7133,회화랑미술학원,2
7134,효성수학학원,2
7135,효자원격학원,2
7136,효자학원,2
7137,후스토연기학원,2
7138,후쌤 s책글공간융합독서논술교습소,2
7139,후천적국어일등급만들기국어교습소,2
7140,훈민정필바른글씨국어교습소,2
7141,휴몬랩코딩대치학원,2
7142,휴몬랩코딩학원,2
7143,휴브레인입시컨설팅센터학원,2
7144,흑과백조소학원,2
7145,히스토리아사회교습소,2
7146,힐스독서논술교습소,2
7147,힐즈아카데미수학교습소,2
7148,힘멜에듀센터미술학원,2
7149,힙스어학원,2
7151,와이비엠넷강동이씨씨어학학원,2
7152,크레버스영재교육센터강동제1지점학원,2
7153,1 1코칭수학교습소,2
7154,21수학교습소,2
7155,246스포츠댄스학원,2
7156,2호선보습학원,2
7157,3030영어신디영어교습소,2
7158,BMH보습학원,2
7159,CMW학원,2
7160,CM수학보습학원,2
7161,COZ드럼음악교습소,2
7162,EiE강동천동학원,2
7163,EIE어학원,2
7164,EM에듀보습학원,2
7165,EPA어학학원,2
7166,F스터디보습학원,2
7167,G1230고덕강일캠퍼스학원,2
7168,GD강동건축기술학원,2
7169,JC영어보습학원,2
7170,JJ영어수학학원,2
7171,JND보습학원,2
7172,JYP수학의발견수학교습소,2
7173,LMH파워수학학원,2
7174,SEW영어학원,2
7175,SnJ보습학원,2
7176,SN과학보습학원,2
7177,SSA영어교습소,2
7178,SSEN쎈영어보습학원,2
7179,TED서울영어학원,2
7180,TED서울학원,2
7181,TOP연세음악교습소,2
7182,TTE미술학원,2
7183,UP영어학원,2
7184,YBM스마트영어교습소,2
7185,YBM시사잉글루영어보습학원,2
7186,YBM영어길동1센터보습학원,2
7187,각인영어전문학원,2
7188,감성수업미술교습소,2
7189,강남수학보습학원,2
7190,강남엘리트보습학원,2
7191,강남프라이드케이피아이어학학원,2
7192,강동1관정상어학학원,2
7193,강동2관정상어학원,2
7194,강동PK독학재수학원,2
7195,강동고덕아카데미수학교습소,2
7196,강동고스에듀국어관학원,2
7197,강동고스에듀수학과학3관학원,2
7198,강동고스에듀수학과학학원,2
7199,강동뉴스터디보습학원,2
7200,강동드림보습학원,2
7201,강동라이즈어학원,2
7202,강동메르센수학학원,2
7203,강동송파앨리스영어학원,2
7204,강동스카이미술학원,2
7205,강동스카이학원,2
7206,강동심슨어학보습학원,2
7207,강동심슨어학원,2
7208,강동심슨어학학원,2
7209,강동씨디아이어학학원,2
7210,강동씨앤에이보습학원,2
7211,강동아르떼음악학원,2
7212,강동아벨학원,2
7213,강동아이비실용음악학원,2
7214,강동암사소마사고력학원,2
7215,강동예지음악교습소,2
7216,강동원더랜드어학학원,2
7217,강동위너스학원,2
7218,강동의명불허전고등부학원,2
7219,강동의명불허전학원,2
7220,강동좋은수학과학학원,2
7221,강동천년의미소미술학원,2
7222,강동청담에이프릴어학학원,2
7223,강동청산고등부보습학원,2
7224,강동청산학원,2
7225,강동최상위수학원,2
7226,강동탑바리스타아카데미학원,2
7227,강동파인만고덕고등관학원,2
7228,강동파인만고덕초중관학원,2
7229,강동파인만학원,2
7230,강동폴리어학원,2
7231,강동하늘소리음악학원,2
7232,강동홍석화수학학원,2
7233,강의하는아이들강일캠퍼스수학교습소,2
7234,강의하는아이들서울명일동캠퍼스학원,2
7235,강일리딩오션독서논술학원,2
7236,강일리버독서논술교습소,2
7237,강일에스엔라이팅보습학원,2
7238,강일연세학원,2
7239,강일음악교습소,2
7240,강일지일이삼공보습학원,2
7241,강일캐피타운영어교습소,2
7242,강일클랑음악학원,2
7243,개념과심화에강한바른수학교습소,2
7244,개념과원리수학교습소,2
7245,건반위의천사들피아노교습소,2
7246,격상수학교습소,2
7247,경희국어논술학원,2
7248,경희무용학원,2
7249,경희뮤직트리음악학원,2
7250,고덕바리에미술학원,2
7251,고덕수피아무용학원,2
7252,고덕올림피아드학원,2
7253,고덕우주미술학원,2
7254,고덕천년의미소미술학원,2
7255,고덕팔레트미술교습소,2
7256,고덕한우리독서논술교습소,2
7257,고등태풍수학교습소,2
7258,고려클리닉영어학원,2
7259,고우리피아노교습소,2
7260,고은주첼로교습소,2
7261,고전무용교습소,2
7262,공간수학보습학원,2
7263,공감수학교습소,2
7264,공감학원,2
7265,공부의철인암사학원,2
7266,과학수학발전소플러스푸르넷보습학원,2
7267,과학의힘학원,2
7268,관악,2
7269,교원더퍼스트캠퍼스강일직영학원,2
7270,교원더퍼스트캠퍼스고덕직영학원,2
7271,교육집단배움찬국어교습소,2
7272,구 유영어학원,2
7273,구대판다평생직업교육학원,2
7274,구주이배수학대입관학원,2
7275,구주이배초중관학원,2
7276,프라우드수학전문학원,2
7277,프라이밍영어학원,2
7278,프라임명지수학학원,2
7279,프렌즈명지국제어학원,2
7280,프롬리딩영어교습소,2
7281,플룻앤뮤직아카데미음악학원,2
7282,피렌체미술학원,2
7283,필수수학교습소,2
7284,하누영수학원,2
7285,하라커피아카데미학원,2
7286,하이레벨학원,2
7287,하이멤버스학원,2
7288,하이엔드댄스스튜디오학원,2
7289,하지영음악학원,2
7290,한솔수학국어전문학원,2
7291,한솔플러스국제영어교습소,2
7292,한솔플러스수학교실명일초수학교습소,2
7293,한솔플러스수학교실명지두산수학교습소,2
7294,한솔플러스수학교실명지초수학교습소,2
7295,한솔플러스수학교실명지퀸덤수학교습소,2
7296,한솔플러스영어명일초영어교습소,2
7297,한솔플러스영어포스코더샵영어교습소,2
7298,한솔플러스학원,2
7299,해법수학교습소,2
7300,해법수학학원,2
7301,해성프라임학원,2
7302,해커스영어교습소,2
7303,향쌤영어학원,2
7304,헤럴드영어교습소,2
7305,효원수학교습소,2
7306,휴브레인수학학원,2
7307,휴포레피아노음악교습소,2
7308,히트수학교습소,2
7309,힐사이드컬리지잇명지학원,2
7310,1등급영어교습소,2
7311,Able영어교습소,2
7312,e해법수학장서초점학원,2
7313,MC주니어어학원,2
7314,Power수학교습소,2
7315,S J수학교습소,2
7316,가비스쿨커피아카데미학원,2
7317,가온음악학원,2
7318,가우스윤수학학원,2
7319,감각수학교습소,2
7320,강백석영어교습소,2
7321,개념원리러닝센터학원,2
7322,경민학원,2
7323,계명음악학원,2
7324,고려수학교습소,2
7325,고려정일학원,2
7326,고려학원,2
7327,골든바이올린교습소,2
7328,골든키수학학원,2
7329,곰샘미술학원,2
7330,공감수학학원,2
7331,공부야놀자수학교습소,2
7332,공주얼리디자인공예학원,2
7333,교일학원,2
7334,구서강한영어김진용수학학원,2
7335,구서놀작미술교습소,2
7336,구서뮤엠영어어학원,2
7337,구서삼성영어학원,2
7338,구서스마트해법영어교습소,2
7339,구서영어교습소,2
7340,구서자기주도독서코칭학원,2
7341,구시아카데미미용학원,2
7342,국제쌤영어교습소,2
7343,국제에스엠잉글리쉬어학원,2
7344,굿리더논술교습소,2
7345,권영어교습소,2
7346,그라운드실용음악학원,2
7347,그리다미술교습소,2
7348,그린그림미술교습소,2
7349,그림누리미술학원,2
7350,그림속아이들미술교습소,2
7351,글로서다학원,2
7352,글샘독서논술교습소,2
7353,금빛미술학원,2
7354,금샘해법영어교습소,2
7355,금정간호학원,2
7356,금정구서독서논술교습소,2
7357,금정다수인학원,2
7358,금정대성학원,2
7359,금정미래탐구고등관학원,2
7360,금정미래탐구본관학원,2
7361,금정미술교습소,2
7362,금정미술학원,2
7363,금정미용전문학원,2
7364,금정심슨과학전문학원,2
7365,금정엔젤음악학원,2
7366,금정영어학원,2
7367,금정와이즈만영재교육학원,2
7368,금정육영재학원,2
7369,금정음식나라조리학원,2
7370,금정음악학원,2
7371,금정조일외국어학원,2
7372,금정청어당논술학원,2
7373,금정한우리정속독학원,2
7374,금터이지엘주얼리보석학원,2
7375,기타스터디실용음악학원,2
7376,기탄사고력연산파크시티학원,2
7377,김건언어논술학원,2
7378,김기근수학교습소,2
7379,김기수사회교습소,2
7380,김미경성악피아노음악학원,2
7381,김미란일본어교습소,2
7382,김미정국어전문학원,2
7383,김상백수학교습소,2
7384,김샘수학전문학원,2
7385,김완규영어전문학원,2
7386,김유석수학전문학원,2
7387,김진과학교습소,2
7388,김진서의문화살롱미술학원,2
7389,김현국어전문학원,2
7390,까치영재교육학원,2
7391,꿈꾸는연습장학원,2
7392,꿈꾸는음악학원,2
7393,나연수학교습소,2
7394,나우영어교습소,2
7395,난다코딩전문학원,2
7396,남산일한솔주니어랩영어교습소,2
7397,남산학원,2
7398,넥스트영어전문학원,2
7399,노마드앤스터디금정점학원,2
7400,노엘음악교습소,2
7401,놀작무늬미술교습소,2
7402,높은샘국어교습소,2
7403,눈높이러닝센터금샘학원,2
7404,눈높이러닝센터부곡학원,2
7405,눈높이러닝센터장서학원,2
7406,눈높이러닝센터청룡학원,2
7407,뉴공간미술학원,2
7408,뉴그린베스트해법영어교습소,2
7409,뉴남산학원,2
7410,뉴본수학교습소,2
7411,뉴캐슬독서실,2
7412,뉴피플단과학원,2
7413,늘품국어전문학원,2
7414,니니아트미술교습소,2
7415,다니엘단과학원,2
7416,다온미술교습소,2
7417,다온음악학원,2
7418,다움아트미술교습소,2
7419,다정한미술교습소,2
7420,다함영어교습소,2
7421,닥터킴어학원,2
7422,단디학원,2
7423,단비뮤직아카데미학원,2
7424,달다 그림미술교습소,2
7425,달이별이국악교습소,2
7426,대원수학전문학원,2
7427,댄스업아카데미학원,2
7428,더상승영수학원,2
7429,더매쓰수학전문학원,2
7430,더보이스실용음악학원,2
7431,더샵피아노교습소,2
7432,더쎈수학학원,2
7433,더올림논술교습소,2
7434,데이지영어학원,2
7435,도레미뮤직음악학원,2
7436,도아실용음악학원,2
7437,도원수학교습소,2
7438,도원수학학원,2
7439,도이체뮤직학원,2
7440,동경컴퓨터교습소,2
7441,동국독서실,2
7442,동국수학교습소,2
7443,동백미술교습소,2
7444,동아학원,2
7445,드림수학교습소,2
7446,드림피아노교습소,2
7447,디가디가타악기음악학원,2
7448,디딤돌수학교습소,2
7449,디르사음악학원,2
7450,딥매쓰구서캠퍼스학원,2
7451,똑똑하이수학영어학원,2
7452,라라영어학원,2
7453,라쏘네일전문학원,2
7454,라엘피아노음악교습소,2
7455,라온국악학원,2
7456,라온수학학원,2
7457,라온아트미술학원,2
7458,래미안음악학원,2
7459,래미안플레이팩토수학교습소,2
7460,램스어학원,2
7461,레벨업어학원,2
7462,로뎀영어교습소,2
7463,로보로보로봇학원,2
7464,로보로보사이언스학원,2
7465,루씨아영어교습소,2
7466,류동준수학교습소,2
7467,류승희국어전문학원,2
7468,르피아노음악교습소,2
7469,르헤브클라리넷교습소,2
7470,리더스수학교습소,2
7471,리더스학원,2
7472,리드인논술교습소,2
7473,리드인독서논술교습소,2
7474,리딩메이트영어교습소,2
7475,리베피아노음악교습소,2
7476,리쉬영어전문학원,2
7477,리얼어학원,2
7478,리즈홈스쿨영어교습소,2
7479,리틀가우디음악미술학원,2
7480,리틀팍스어학원,2
7481,링크영어교습소,2
7482,링키영어구서롯데캐슬영어교습소,2
7483,링키영어동래래미안아이파크점영어교습소,2
7484,링키영어장전래미안영어교습소,2
7485,마루국어교습소,2
7486,마스터발레무용학원,2
7487,만재수학교습소,2
7488,매쓰트리수학교습소,2
7489,맥산업디자인학원,2
7490,메타수학교습소,2
7491,명수학교습소,2
7492,명가수학학원,2
7493,명문연세음악학원,2
7494,명성미술학원,2
7495,명품수학교습소,2
7496,모던아트미술학원,2
7497,모든음악교습소,2
7498,모란미술학원,2
7499,모래요정샌드아트학원,2
7500,모마음악학원,2
7501,몸아트스튜디오학원,2
7502,무적외국어학원,2
7503,무적주니어외국어학원,2
7504,뮤즈발레학원,2
7505,뮤즈피아노교습소,2
7506,뮤직슐레음악교습소,2
7507,뮤직스토리음악교습소,2
7508,미래인독학재수학원,2
7509,미믹킹잉글리쉬금정어학원,2
7510,미소화실미술학원,2
7511,민스영어학원,2
7512,바림한국화교습소,2
7513,바흐음악학원,2
7514,박병규영어전문학원,2
7515,박상진무용학원,2
7516,박선생영어교습소,2
7517,박현진음악학원,2
7518,박혜정국어교습소,2
7519,백종열댄스스포츠학원,2
7520,베를린음악학원,2
7521,베스트영어교습소,2
7522,베이힐즈금정캠퍼스학원,2
7523,봉스음악학원,2
7524,부곡수학원,2
7525,부곡종로엠스쿨학원,2
7526,부곡한신독서논술교습소,2
7527,부곡휘튼학원,2
7528,부바음악교습소,2
7529,부산남산점작심독서실,2
7530,부산대북문점작심독서실,2
7531,부산대점청담독서실,2
7532,부산동래건축시공타일직업전문학원,2
7533,부산미래중장비학원,2
7534,부산버클리실용음악학원,2
7535,부산부곡점멘토즈독서실,2
7536,부산외국어학원,2
7537,부산인테리어필름학원,2
7538,부산장전점작심독서실,2
7539,부산철도학원,2
7540,부일학원,2
7541,북경중국어학원,2
7542,북클럽스터디센터부곡학원,2
7543,뷰피아노교습소,2
7544,블루닷라운지구서2호점독서실,2
7545,블루닷라운지구서점독서실,2
7546,비욘드잉글리쉬구서캠퍼스학원,2
7547,비움앤채움국어교습소,2
7548,비젼음악학원,2
7549,비혜민영어교습소,2
7550,빛열린음악학원,2
7551,삼성영어김선영국어학원,2
7552,삼성영어학원,2
7553,상상미술교습소,2
7554,상상의힘학원,2
7555,상옥쌤영어학원,2
7556,새봄피아노교습소,2
7557,새싹피아노교습소,2
7558,생각발전소수학학원,2
7559,샤인잉글리쉬어학원,2
7560,서동영어교습소,2
7561,서린학원,2
7562,서영숙경기민요장구학원,2
7563,서희경사회탐구교습소,2
7564,석암당서원한자교습소,2
7565,선과색미술교습소,2
7566,선수학교습소,2
7567,성균관토론논술교습소,2
7568,세계미술학원,2
7569,세계용접기술연수학원,2
7570,세동아카데미수학교습소,2
7571,세별미술교습소,2
7572,세종수학학원,2
7573,세종컴퓨터학원,2
7574,세진학원,2
7575,셀파학원,2
7576,셈솟는수학교습소,2
7577,소리마루음악학원,2
7578,소리모아음악학원,2
7579,소리사랑플루트교습소,2
7580,소리숲음악교습소,2
7581,소마학원,2
7582,소소미술교습소,2
7583,소울음악학원,2
7584,손영주음악학원,2
7585,솔라영어학원,2
7586,솔터캘리그라피서예교습소,2
7587,송원학원,2
7588,수단과학원,2
7589,수담수학교습소,2
7590,수로미술학원,2
7591,수리안수학교습소,2
7592,수북수북수학교습소,2
7593,바다별음악학원,2
7594,바론독서논술교습소,2
7595,바른길학원,2
7596,바른수학교습소,2
7597,바른영어교습소,2
7598,바리스타제이커피전문학원,2
7599,바벤스음악학원,2
7600,바짝독서실,2
7601,바퀴달린그림책플러스미술학원,2
7602,바투국어논술학원,2
7603,바하음악학원,2
7604,박경숙미술학원,2
7605,박샘논술교습소,2
7606,박샘수학학원,2
7607,박성모첼로교습소,2
7608,박수미국어논술교습소,2
7609,박재만기타교습소,2
7610,박채봉음악학원,2
7611,박혜림토익학원,2
7612,박혜정피아노교습소,2
7613,반듯한영어학원,2
7614,반석피아노,2
7615,발레메이트학원,2
7616,배남은재즈댄스학원,2
7617,배쌤과수학교습소,2
7618,배우장제이케이연기학원,2
7619,백년대계예일보습학원,2
7620,백년대계예일이학원,2
7621,백년대계혜윰수학과학학원,2
7622,백년의계획아름드리독서실,2
7623,백설칸타빌레음악학원,2
7624,백프로아이사랑음악학원,2
7625,백하미술교습소,2
7626,백합피아노,2
7627,버클리음악학원,2
7628,벅스음악교습소,2
7629,베로나음악학원,2
7630,베르디음악학원,2
7631,베리뷰플로리스트학원,2
7632,베스터디학원,2
7633,베스트교육고등수학학원,2
7634,베스트예능학원,2
7635,베스트음악학원,2
7636,베스트회계직업전문학원,2
7637,베이징중국어교습소,2
7638,베토벤피아노교습소,2
7639,벨라예술융합음악학원,2
7640,벨음악교습소,2
7641,벨트잉글리시영어교습소,2
7642,벨트잉글리시학원,2
7643,별관국제종합기술학원,2
7644,별난미술교습소,2
7645,별에서온바둑학원,2
7646,별피아노스튜디오음악교습소,2
7647,별하스터디센터수원매탄독서실,2
7648,보네아트숲미술교습소,2
7649,보니타네일미용전문학원,2
7650,보스턴영어교습소,2
7651,본베토벤음악교습소,2
7652,본스타수원연기보컬학원,2
7653,본원마크실용음악학원,2
7654,본음악학원,2
7655,봄미술교습소,2
7656,봄아뜰리에유니팝미술교습소,2
7657,봄이그린미술교습소,2
7658,봉쌤과학고등관학원,2
7659,봉쌤과학망포관학원,2
7660,봉쌤과학학원,2
7661,봉주르미술교습소,2
7662,부밀리학원,2
7663,북수원알고리즘학원,2
7664,북수원최용훈국어학원,2
7665,북수원학원,2
7666,분석학원,2
7667,분트미술학원,2
7668,불독수학교습소,2
7669,브레멘음악교습소,2
7670,브레이니영어학원,2
7671,브레이닝수학학원,2
7672,브레인온창의수학교습소,2
7673,브루클린아트미술교습소,2
7674,브릭스영어교습소,2
7675,브릭스영어효천영어교습소,2
7676,브릭스톤어학원,2
7677,브릴란테피아노교습소,2
7678,브릴리언트잉글리쉬영어교습소,2
7679,블라블라잉글리쉬학원,2
7680,블럭아이선일미술학원,2
7681,블럭연기학원,2
7682,블루밍이화피아노교습소,2
7683,블루밍피아노음악교습소,2
7684,블루밍해법영어교습소,2
7685,블루버드스터디센터독서실,2
7686,블루플래닛광교리터러시센터영어학원,2
7687,블루플래닛어학원,2
7688,비끄아트미술교습소,2
7689,비끄아트수원장안미술교습소,2
7690,비단베스트해법수학교습소,2
7691,비로소프리미엄독서실,2
7692,비바체음악미술학원,2
7693,비바첼음악학원,2
7694,비발디음악학원,2
7695,비버영어전문학원,2
7696,비비매쓰수학교습소,2
7697,비비엘뷰티아카데미학원,2
7698,비비피아노음악교습소,2
7699,비상아이비츠학원,2
7700,비상잉글리시아이금호영어교습소,2
7701,비상잉글리시아이능실점영어교습소,2
7702,비상잉글리시아이리드인하늘채더퍼스트점학원,2
7703,비상잉글리시아이망포벽산영어교습소,2
7704,비상잉글리시아이망포점학원,2
7705,비상잉글리시아이빨간펜수학의달인학원,2
7706,비상잉글리시아이세류중앙살아있는진짜영어교습소,2
7707,비상잉글리시아이영어교습소,2
7708,비상잉글리시아이영통삼단지영어교습소,2
7709,비상잉글리시아이율현점영어교습소,2
7710,비상잉글리시아이입북학원,2
7711,비상잉글리시아이정자중앙영어교습소,2
7712,비상잉글리시아이학원,2
7713,비상잉글리시아이호매실가온영어교습소,2
7714,비상잉글리시아이화서블루밍점영어교습소,2
7715,비앤디영어학원,2
7716,비에스파란별음악학원,2
7717,비엠에스수학전문학원,2
7718,비욘드잉글리쉬광교캠퍼스학원,2
7719,비책독서실,2
7720,비피에이어학원,2
7721,빅터영어교습소,2
7722,빈나영수학교습소,2
7723,빈센트미술교습소,2
7724,빈센트발자국미술학원,2
7725,빈센트발자국화푸점미술학원,2
7726,빈센트커피제과제빵학원,2
7727,빈스플룻음악교습소,2
7728,빈음악학원,2
7729,빌드업삼성영어학원,2
7730,빌드업영어교습소,2
7731,빌드업영어학원,2
7732,빌러빗발레학원,2
7733,빛나는수채화미술교습소,2
7734,빛나는십일월학원,2
7735,빛나는아이들미술학원,2
7736,빛나는아이들피아노교습소,2
7737,빛나는피아노음악학원,2
7738,빛나는학원,2
7739,빨간펜수학의달인수원초점수학교습소,2
7740,빨간펜수학의달인천일수학교습소,2
7741,뿌리수학교습소,2
7742,쁘띠엘발레무용학원,2
7743,쁘띠음악학원,2
7744,삐에로수학학원,2
7745,사고력톡톡창의수학교습소,2
7746,사고의공간학원,2
7747,사과나무피아노전문학원,2
7748,사라샘클라스실용영어교습소,2
7749,사랑애실용음악학원,2
7750,사랑해해람인문학국어교습소,2
7751,사운드플랜트음악교습소,2
7752,사자관리형독서실,2
7753,산꼭대기학원,2
7754,산남학원,2
7755,산돌수학학원,2
7756,산의음악학원,2
7757,삼공삼공영어교습소,2
7758,삼공삼공영어수원고색센터영어교습소,2
7759,삼공삼공영어수플러스수학학원,2
7760,삼공삼공영어학원,2
7761,삼성영어권선교습소,2
7762,삼성영어권선제이교실영어교습소,2
7763,삼성영어꿈에그린학원,2
7764,삼성영어다솔학원,2
7765,삼성영어동신학원,2
7766,삼성영어로드맵학원,2
7767,삼성영어매탄학원,2
7768,삼성영어센트럴교실영어교습소,2
7769,삼성영어셀레나고려삼성영어학원 ,2
7770,삼성영어셀레나초중영어교습소,2
7771,삼성영어수학학원,2
7772,삼성영어쎈수학러닝센터탑동학원,2
7773,삼성영어우만학원,2
7774,삼성영어정천학원,2
7776,삼성영어해법수학능실학원,2
7777,삼성영어해법수학학원,2
7778,삼성영어화서학원,2
7779,삼성영어화서화양학원,2
7780,삼성일단지해법수학교습소,2
7781,삼성즐거운음악학원,2
7782,삼성컴퓨터,2
7783,삼성태영점해법수학교습소,2
7784,삼십팔인의수학고삼전문과엘리시온학원,2
7785,삼십팔인의수학생각학원,2
7786,삼십팔인의수학초등아름학원,2
7787,삼십팔인의수학파란학원,2
7788,삼영음악학원,2
7789,삼원색미술교습소,2
7790,삼점일사고등수학전문관학원,2
7791,삼천리웰지지이영어메릭스해법수학학원,2
7792,상상공작소광교본원미술학원,2
7793,상상공작소미술학원,2
7794,상상그림터미술교습소,2
7795,상상그이상수학고등관학원,2
7796,상상나무미술교습소,2
7797,상상논술학원,2
7798,상상도토리미술교습소,2
7799,상상숲미술교습소,2
7800,상상이크는미술학원,2
7801,상상피아노음악교습소,2
7802,상위1프로에버그린학원,2
7803,상은학원,2
7804,새노래음악학원,2
7805,새대연학원,2
7806,새로남미술학원,2
7807,새로남영통이씨씨어학원,2
7808,새로남이키즈어학원,2
7809,새로남피아노교습소,2
7810,새로핌피아노,2
7811,새론고등관학원,2
7812,새론중등관학원,2
7813,새롬학원,2
7814,새벽국어교습소,2
7815,새봄수학고등관학원,2
7816,새봄수학학원,2
7817,새서울음악학원,2
7818,새수원간호학원,2
7819,새수원검정고시학원,2
7820,새은파학원,2
7821,새이와스어학원,2
7822,새피카소미술교습소,2
7823,새한별음악보습학원,2
7824,색감화실미술교습소,2
7825,샘내피아노,2
7826,샘앤클래스호매실학원,2
7827,샛소미술교습소,2
7828,생각꿈틀미술교습소,2
7829,생각꿈틀미술학원,2
7830,생각속에수학학원,2
7831,생각을말하다학원,2
7832,생각의숲학원,2
7833,생각의창학원,2
7834,생각의힘수학과학학원,2
7835,생각의힘영어그릇학원,2
7836,생각이크는아이들독서논술교습소,2
7837,생각이피어나는독서논술교습소,2
7838,생각쟁이그림여행학원,2
7839,생각하는나무국어교습소,2
7840,생각하는나무국어학원,2
7841,생각하는미술관미술교습소,2
7842,생각하는미술놀이미술교습소,2
7843,생각하는박물관아트랩학원,2
7844,생각하는수학학원,2
7845,생각하는아이들학원,2
7846,생각하는황소광교학원,2
7847,생각하는황소수원정자수학학원,2
7848,생각하는황소영통2관학원,2
7849,생각하는황소영통수학학원,2
7850,샤론의꽃음악학원,2
7851,샤인음악학원,2
7852,샵앤플랫음악학원,2
7853,샾엘가음악학원,2
7854,서동진의커피랩학원,2
7855,서림수학학원,2
7856,서밋타임미술학원,2
7857,서부세종학원,2
7858,서수원와와학습코칭학원,2
7859,서수원정상어학원,2
7860,서수원종로엠학원,2
7861,서수원줄리어드음악학원,2
7862,서수원푸르지오해법수학교습소,2
7863,서연아트미술교습소,2
7864,서울게임아카데미수원학원,2
7865,서울음악교습소,2
7866,서인스카이국어논술학원,2
7867,서일영어학원,2
7868,서진국어교습소,2
7869,서평스마트해법수학교습소,2
7870,서희피아노교습소,2
7871,석유경음악학원,2
7872,선경미술교습소,2
7873,선경피아노교습소,2
7875,선아미술,2
7876,선화예술음악학원,2
7877,선화피아노학원,2
7878,설대영수학원,2
7879,섭리수학학원,2
7880,섭실용음악학원,2
7881,성균관논술교습소,2
7882,성균관수학교습소,2
7883,성민프리미어학원,2
7884,성빈삼관학원,2
7885,성빈수학학원,2
7886,성빈이관학원,2
7887,성실학원,2
7888,성찬쌤수학의공간수학교습소,2
7889,세계음악전문학원,2
7890,세류뮤직스토리음악교습소,2
7891,세류서현학원,2
7892,세류스카이학원,2
7893,세류점수잔리영어교습소,2
7894,세영코딩연구소학원,2
7895,세움학원,2
7896,세이아트스튜디오미술교습소,2
7897,세종리앙무용학원,2
7898,세종어학원,2
7899,세종엔와이발레학원,2
7900,세창고시학원,2
7901,센클영어도서관망포학원,2
7902,센트럴삼단지이해법셀파수학교습소,2
7903,센트럴잉글리쉬학원,2
7904,셀라음악학원,2
7905,셀렉티드에잇어학원,2
7906,셀파수학정자풍림수학교습소,2
7907,셀파우등생능실학원,2
7908,셀파우등생학원,2
7909,셀파플러스전문학원,2
7910,셀프스터디독서실,2
7911,소리공감국악교습소,2
7912,소리나라피아노교습소,2
7913,소리나래음악학원,2
7914,소리샘음악,2
7915,소리샘음악전문학원,2
7916,소리샘피아노교습소,2
7917,소리엘피아노,2
7918,소리울음악교습소,2
7919,소마미술교습소,2
7920,소마사고력학원,2
7921,소마수학학원,2
7922,소망피아노,2
7923,소목장공작학원,2
7924,소소아뜰리에학원,2
7925,소수국어교습소,2
7926,소율음악교습소,2
7927,소호미술학원,2
7928,속청속독대평학습클리닉학원,2
7929,손수학교습소,2
7930,손수학학원,2
7931,손쌤뮤직앤아트학원,2
7932,솔로몬수학전문학원,2
7933,솔루니논술교습소,2
7934,솔루니독서논술역사학원,2
7935,솔루니독서토론논술천천학원,2
7936,솔루니두견마을논술교습소,2
7937,솔루니영통논술교습소,2
7938,솔루토창의융합학원,2
7939,솔실용음악학원,2
7940,솔음악학원,2
7941,송도음악학원,2
7942,송림스마트해법수학교습소,2
7943,송림아르떼음악학원,2
7944,송림해법영어교습소,2
7945,송뷰티학원,2
7946,송샘의해법논술교습소,2
7947,송재욱수학학원,2
7948,송죽멘토영수전문학원,2
7949,송춘석음악학원,2
7950,송태원1프로수학학원,2
7951,쇼위플라워컬러디자인학원,2
7952,쇼팽아이들음악학원,2
7953,쇼팽음악학원,2
7954,수담학원,2
7955,수독서실,2
7956,수력발전소학원,2
7957,수력수학학원,2
7958,수리수학교습소,2
7959,수리음악학원,2
7960,수리인수학학원,2
7961,수민아트미술학원,2
7962,수석보습학원,2
7963,수석영어교습소,2
7964,수성독서실,2
7965,수쌤영어학원,2
7966,수쌤이관영어학원,2
7967,수쌤학원,2
7968,수아람독서논술국어학원,2
7969,수아수수학학원,2
7970,수어람학원,2
7971,수연음악학원,2
7972,수오재국어논술교습소,2
7973,수원가우디미술학원,2
7974,수원건설기술교육학원,2
7975,수원경기고시학원,2
7976,수원경희간호학원,2
7977,수원그림동화미술교습소,2
7978,수원금곡차이랑중국어교습소,2
7979,수원기술학원,2
7980,수원나노주산암산교습소,2
7981,수원디와이비최선어학원,2
7982,수원로코학원,2
7983,수원망포간호학원,2
7984,수원망포지점ITC실용영어교습소,2
7985,수원매여울키즈엔리딩리딩잇츠어학원,2
7986,수원메가스터디학원,2
7987,수원메카학원,2
7988,수원모던실용음악학원,2
7989,수원무브댄스학원,2
7990,수원미용학원,2
7991,수원배우로갑니다연기학원,2
7992,수원부사관장교학원,2
7993,수원스카이에듀학원,2
7994,수원아이비알뷰티미용학원,2
7995,수원아이엠미술학원,2
7996,수원아이티씨영어학원,2
7997,수원아이티컴퓨터학원,2
7998,수원애견미용학원,2
7999,수원양재학원,2
8000,수원영통박문각행정고시학원,2
8001,수원영통신나무실러닝학원,2
8002,수원영통아이들의작업실미술학원,2
8003,수원영통에이닷영어학원,2
8004,수원외식평생직업교육학원,2
8005,수원우만점작심독서실,2
8006,수원위드피아노학원,2
8007,수원이관정상어학원,2
8008,수원이용교습소,2
8009,수원이지어학원,2
8010,수원인계위즈아일랜드학원,2
8011,수원장안분원정상어학원,2
8012,수원장안에이닷영어학원,2
8013,수원장안지앤비어학원,2
8014,수원정보기술건축학원,2
8015,수원정상어학원,2
8016,수원정일보습학원,2
8017,수원정자스터디뱅크독서실,2
8018,수원정자작심독서실,2
8019,수원청솔한라영어교습소,2
8020,수원캐드디자인학원,2
8021,수원탑간호학원,2
8022,수원탑수원역점간호학원,2
8023,수원탑학원,2
8024,수원푸르넷학원,2
8025,수원한박사논술학원,2
8026,수원현대중장비전문학원,2
8027,수원화서자라다남아미술학원,2
8028,수원효중간호학원,2
8029,수원휴앤아이간호학원,2
8030,수음악학원,2
8031,수일줄리어드음악학원,2
8032,수잉글리쉬클래스영어교습소,2
8033,수재보습학원,2
8034,수정음악학원,2
8035,수정인테리어기술전문학원,2
8036,수지스영어전문교습소,2
8037,수지피아노교습소,2
8038,수채화미술학원,2
8039,수풀림수학전문학원,2
8040,수피독서실,2
8041,수학공감학원,2
8042,수학대학원,2
8043,수학마스터수학교습소,2
8044,수학사랑학원,2
8045,수학생각학원,2
8046,수학세상국어나라고등관학원,2
8047,수학세상국어나라학원,2
8048,수학시간수학교습소,2
8049,수학시간학원,2
8050,수학싸부영통학원,2
8051,수학에미친사람들학원,2
8052,수학에빠지다학원,2
8053,수학여우학원,2
8054,수학여행꽃뫼노을수학교습소,2
8055,수학여행학원,2
8056,수학원,2
8057,수학은위매쓰학원,2
8058,수학의달인뮤엠영어권선꿈에그린학원,2
8059,수학의달인호매실벨섬시티점수학교습소,2
8060,수학의목적과원리교습소,2
8061,수학의비전학원,2
8062,수학의아침사이언스카이영통프리미엄캠퍼스제1학원,2
8063,수학의아침사이언스카이영통프리미엄캠퍼스제2학원,2
8064,수학의아침사이언스카이제삼학원,2
8065,수학의아침사이언스카이제이학원,2
8066,수학의아침사이언스카이제팔학원,2
8067,수학의아침사이언스카이학원,2
8068,수학의아침제육학원,2
8069,수학의열쇠해법수학광교학원,2
8070,수학의전설연무직영점학원,2
8071,수학의전설학원,2
8072,수학의정원수학교습소,2
8073,수학의품격학원,2
8074,수학의힘학원,2
8075,수학전문김샘학원,2
8076,수학카페수학교습소,2
8077,수학탐구학원,2
8078,수학하는고래수학교습소,2
8079,숙명더피아노음악교습소,2
8080,숙명아르첼음악학원,2
8081,숙지피아노플룻학원,2
8082,순수공감미술학원,2
8083,순수그리다미술교습소,2
8084,순수샘미술교습소,2
8085,순수아트미술교습소,2
8086,숨쉬는영어교습소,2
8087,숲을보는영어교습소,2
8088,숲음악학원,2
8089,숲피아노앤어린이드럼음악교습소,2
8090,쉬르실용음악학원,2
8091,슈만과클라라음악학원,2
8092,슈필렌음악학원,2
8093,스마트리어학원,2
8094,스마트수학교습소,2
8095,스마트해법산남수학교습소,2
8096,스마트해법수학민쌤수학교습소,2
8097,스마트해법수학아이파크에비뉴점수학교습소,2
8098,스마트해법수학해법영어학원,2
8099,스마트해법영어교습소,2
8100,스마트해법영어노블클래스학원,2
8101,스마트해법영어당수교습소,2
8102,스마트해법영어수학학원,2
8103,스마트해법영어해법수학에듀타운학원,2
8104,스윗스터디학원,2
8105,스카이국어교습소,2
8106,스카이리그과학전문학원,2
8107,스카이어학원,2
8108,스카이에듀보습학원,2
8109,스카이에듀학원,2
8110,스카이최상학원,2
8111,스카이플러스학원,2
8113,스콜라학원,2
8114,스킨마인더피부미용학원,2
8115,스터디매니저학원,2
8116,스터디존스카이독서실,2
8117,스터디챔버학원,2
8118,스터디플래닛권선센터독서실,2
8119,스터디플래닛수원영통독서실,2
8120,스텔라리딩영어교습소,2
8121,스텔라뮤지컬음악교습소,2
8122,스텔라아트미술학원,2
8123,스텔라영어교습소,2
8124,스텝영어학원,2
8125,스토리해법수학학원,2
8126,스파티움독서실,2
8127,스펙수학교습소,2
8128,슬기로운학원,2
8129,중앙엘리트학원,2
8130,중앙학원,2
8131,참소리피아노교습소,2
8132,초등수학교습소,2
8133,초록학원,2
8134,최강수학학원,2
8135,켈스케네디EVCON어학원,2
8136,투탑영수한우리논술학원,2
8137,피아노리터피아노교습소,2
8138,핑거톡뷰티아카데미학원,2
8139,하나아이콘댄스학원,2
8140,하늘빛피아노교습소,2
8141,하버드입시학원,2
8142,하은EF학원,2
8143,하이스트학원,2
8144,하이얀음악학원,2
8145,한국뷰티전문아카데미학원,2
8146,헵시바음악학원,2
8147,헷세드영어교습소,2
8148,현진에버빌해법영어교습소,2
8149,효임피아노교습소,2
8150,A P아카데미종합학원,2
8151,CIS주니어학원,2
8152,EM마스타학원,2
8153,e해법 셀파수학 해법영어학원,2
8154,JJ네일미용학원,2
8155,KIMS SCHOOL영어전문학원,2
8156,K실용음악학원,2
8157,YN퓨쳐아카데미,2
8158,가온학원,2
8159,가우디미술학원,2
8161,과학영재학원,2
8162,그레이미네일학원,2
8163,그루미술학원,2
8164,극동무용학원,2
8165,글의힘학원,2
8166,기영국어교습소,2
8167,김미순미술교습소,2
8168,김샐리음악교습소,2
8169,김세연피아노교습소,2
8170,김한나피아노전문학원,2
8171,꼬마고호미술학원,2
8172,나리피아노교습소,2
8173,나무국어학원,2
8174,네버랜드음악학원,2
8175,눈높이러닝센터부영학원,2
8176,뉴해오름독서실,2
8177,다나종합미용학원,2
8178,다온간호학원,2
8179,다인피아노학원,2
8180,대방입시학원,2
8181,대성독서실,2
8182,대입수능시험연구학원,2
8183,대지독서실,2
8184,대지영수학원,2
8185,대지입시학원,2
8186,더딥깊생학원,2
8187,더바이올린학원,2
8188,독서당국어교습소,2
8189,돌체피아노학원,2
8190,동방커피학원,2
8191,드림댄스무용학원,2
8192,라모피아노학원,2
8193,랭스쿨학원,2
8194,레베랑스 무용학원,2
8195,로이스잉글리쉬학원,2
8197,리드인독서논술국어학원,2
8198,리얼보컬트레이닝센터실용음악학원,2
8199,마녀쌤학원,2
8200,메디컬간호학원,2
8201,명지외국어전문학원,2
8202,모짜르트피아노학원,2
8203,무무영어학원,2
8204,뮤엠영어교습소,2
8205,뮤엠영어학원,2
8206,뮤직프랜드피아노학원,2
8207,미래독서실,2
8208,바퀴달린그림책미술학원,2
8209,박상윤수학교습소,2
8210,박시연의 작은피아노학원,2
8211,박쌤조양학원,2
8212,반디독서실,2
8213,반석스터디독서실,2
8214,봉스커피아카데미학원,2
8215,부영미술학원,2
8216,비상학원,2
8217,빡샘국어학원,2
8218,사유에듀학원,2
8219,서원학원,2
8220,서희음악학원,2
8221,슈르케이학원,2
8222,스카이탑영어교습소,2
8223,스텝업해법수학교습소,2
8224,심쌤수학교습소,2
8225,씨엘씨어학원,2
8226,아란피아노교습소,2
8227,아발론랭콘과천어학원,2
8228,아이네클라이네음악학원,2
8229,아이비영어학원,2
8230,아이숲미술교습소,2
8231,아트스토리미술학원,2
8232,어린음악대문원참예음원음악학원,2
8233,어센트교육학원,2
8234,어썸팩토리과천독서실,2
8235,언어엔논리학원,2
8236,엄지샘수학교습소,2
8237,에듀코치개별지도과천별양학원,2
8238,에이매쓰사고력수학학원,2
8239,엘비엔음악교습소,2
8240,엠일공팔스터디클럽학원,2
8241,연세바이올린교습소,2
8242,열과학교습소,2
8243,열두달의작은강의학원,2
8244,영렘브란트미술교습소,2
8245,영신공학원,2
8246,예봄피아노교습소,2
8247,예원미술교습소,2
8248,오디세이국어교습소,2
8249,오하요일본어교습소,2
8250,온더데스크독서실,2
8251,올댓학원,2
8252,올리브영어교습소,2
8253,올리브주니어영어교습소,2
8254,와이즈만과천학원,2
8255,위너스수학교습소,2
8256,위슬런학원,2
8257,위즈음악교습소,2
8258,유유이배움터보습학원,2
8259,윤선생우리집앞영어과천학원,2
8260,윤선생우리집앞영어교실별양영어교습소,2
8261,이엘피아노스튜디오음악교습소,2
8262,이정인전문가집단보습학원,2
8263,이제이수학교습소,2
8264,이지영어교습소,2
8265,이화솔라피아노음악교습소,2
8266,인문학의숲학원,2
8267,일리수학교습소,2
8268,임수학교습소,2
8269,장샘기타교습소,2
8270,장샘미술교습소,2
8271,재미있는피아노교습소,2
8272,정샘사고력학원,2
8273,정지원바이올린교습소,2
8274,제이아뜰리에음악교습소,2
8275,조선생수학학원,2
8276,조선생에듀학원,2
8277,주연수학교습소,2
8278,즐거운스즈키음악학원,2
8279,지앤지수학교습소,2
